-- MySQL dump 10.13  Distrib 8.0.28, for Win64 (x86_64)
--
-- Host: 127.0.0.1    Database: italent
-- ------------------------------------------------------
-- Server version	8.0.28

/*!40101 SET @OLD_CHARACTER_SET_CLIENT=@@CHARACTER_SET_CLIENT */;
/*!40101 SET @OLD_CHARACTER_SET_RESULTS=@@CHARACTER_SET_RESULTS */;
/*!40101 SET @OLD_COLLATION_CONNECTION=@@COLLATION_CONNECTION */;
/*!50503 SET NAMES utf8 */;
/*!40103 SET @OLD_TIME_ZONE=@@TIME_ZONE */;
/*!40103 SET TIME_ZONE='+00:00' */;
/*!40014 SET @OLD_UNIQUE_CHECKS=@@UNIQUE_CHECKS, UNIQUE_CHECKS=0 */;
/*!40014 SET @OLD_FOREIGN_KEY_CHECKS=@@FOREIGN_KEY_CHECKS, FOREIGN_KEY_CHECKS=0 */;
/*!40101 SET @OLD_SQL_MODE=@@SQL_MODE, SQL_MODE='NO_AUTO_VALUE_ON_ZERO' */;
/*!40111 SET @OLD_SQL_NOTES=@@SQL_NOTES, SQL_NOTES=0 */;

--
-- Table structure for table `gen_table`
--

DROP TABLE IF EXISTS `gen_table`;
/*!40101 SET @saved_cs_client     = @@character_set_client */;
/*!50503 SET character_set_client = utf8mb4 */;
CREATE TABLE `gen_table` (
  `table_id` bigint NOT NULL AUTO_INCREMENT COMMENT 'ç¼–å·',
  `table_name` varchar(200) DEFAULT '' COMMENT 'è¡¨åç§°',
  `table_comment` varchar(500) DEFAULT '' COMMENT 'è¡¨æè¿°',
  `sub_table_name` varchar(64) DEFAULT NULL COMMENT 'å…³è”å­è¡¨çš„è¡¨å',
  `sub_table_fk_name` varchar(64) DEFAULT NULL COMMENT 'å­è¡¨å…³è”çš„å¤–é”®å',
  `class_name` varchar(100) DEFAULT '' COMMENT 'å®ä½“ç±»åç§°',
  `tpl_category` varchar(200) DEFAULT 'crud' COMMENT 'ä½¿ç”¨çš„æ¨¡æ¿ï¼ˆcrudå•è¡¨æ“ä½œ treeæ ‘è¡¨æ“ä½œ subä¸»å­è¡¨æ“ä½œï¼‰',
  `package_name` varchar(100) DEFAULT NULL COMMENT 'ç”ŸæˆåŒ…è·¯å¾„',
  `module_name` varchar(30) DEFAULT NULL COMMENT 'ç”Ÿæˆæ¨¡å—å',
  `business_name` varchar(30) DEFAULT NULL COMMENT 'ç”Ÿæˆä¸šåŠ¡å',
  `function_name` varchar(50) DEFAULT NULL COMMENT 'ç”ŸæˆåŠŸèƒ½å',
  `function_author` varchar(50) DEFAULT NULL COMMENT 'ç”ŸæˆåŠŸèƒ½ä½œè€…',
  `gen_type` char(1) DEFAULT '0' COMMENT 'ç”Ÿæˆä»£ç æ–¹å¼ï¼ˆ0zipå‹ç¼©åŒ… 1è‡ªå®šä¹‰è·¯å¾„ï¼‰',
  `gen_path` varchar(200) DEFAULT '/' COMMENT 'ç”Ÿæˆè·¯å¾„ï¼ˆä¸å¡«é»˜è®¤é¡¹ç›®è·¯å¾„ï¼‰',
  `options` varchar(1000) DEFAULT NULL COMMENT 'å…¶å®ƒç”Ÿæˆé€‰é¡¹',
  `create_by` varchar(64) DEFAULT '' COMMENT 'åˆ›å»ºè€…',
  `create_time` datetime DEFAULT NULL COMMENT 'åˆ›å»ºæ—¶é—´',
  `update_by` varchar(64) DEFAULT '' COMMENT 'æ›´æ–°è€…',
  `update_time` datetime DEFAULT NULL COMMENT 'æ›´æ–°æ—¶é—´',
  `remark` varchar(500) DEFAULT NULL COMMENT 'å¤‡æ³¨',
  PRIMARY KEY (`table_id`)
) ENGINE=InnoDB DEFAULT CHARSET=utf8mb3 COMMENT='ä»£ç ç”Ÿæˆä¸šåŠ¡è¡¨';
/*!40101 SET character_set_client = @saved_cs_client */;

--
-- Dumping data for table `gen_table`
--

LOCK TABLES `gen_table` WRITE;
/*!40000 ALTER TABLE `gen_table` DISABLE KEYS */;
/*!40000 ALTER TABLE `gen_table` ENABLE KEYS */;
UNLOCK TABLES;

--
-- Table structure for table `gen_table_column`
--

DROP TABLE IF EXISTS `gen_table_column`;
/*!40101 SET @saved_cs_client     = @@character_set_client */;
/*!50503 SET character_set_client = utf8mb4 */;
CREATE TABLE `gen_table_column` (
  `column_id` bigint NOT NULL AUTO_INCREMENT COMMENT 'ç¼–å·',
  `table_id` varchar(64) DEFAULT NULL COMMENT 'å½’å±è¡¨ç¼–å·',
  `column_name` varchar(200) DEFAULT NULL COMMENT 'åˆ—åç§°',
  `column_comment` varchar(500) DEFAULT NULL COMMENT 'åˆ—æè¿°',
  `column_type` varchar(100) DEFAULT NULL COMMENT 'åˆ—ç±»å‹',
  `java_type` varchar(500) DEFAULT NULL COMMENT 'JAVAç±»å‹',
  `java_field` varchar(200) DEFAULT NULL COMMENT 'JAVAå­—æ®µå',
  `is_pk` char(1) DEFAULT NULL COMMENT 'æ˜¯å¦ä¸»é”®ï¼ˆ1æ˜¯ï¼‰',
  `is_increment` char(1) DEFAULT NULL COMMENT 'æ˜¯å¦è‡ªå¢ï¼ˆ1æ˜¯ï¼‰',
  `is_required` char(1) DEFAULT NULL COMMENT 'æ˜¯å¦å¿…å¡«ï¼ˆ1æ˜¯ï¼‰',
  `is_insert` char(1) DEFAULT NULL COMMENT 'æ˜¯å¦ä¸ºæ’å…¥å­—æ®µï¼ˆ1æ˜¯ï¼‰',
  `is_edit` char(1) DEFAULT NULL COMMENT 'æ˜¯å¦ç¼–è¾‘å­—æ®µï¼ˆ1æ˜¯ï¼‰',
  `is_list` char(1) DEFAULT NULL COMMENT 'æ˜¯å¦åˆ—è¡¨å­—æ®µï¼ˆ1æ˜¯ï¼‰',
  `is_query` char(1) DEFAULT NULL COMMENT 'æ˜¯å¦æŸ¥è¯¢å­—æ®µï¼ˆ1æ˜¯ï¼‰',
  `query_type` varchar(200) DEFAULT 'EQ' COMMENT 'æŸ¥è¯¢æ–¹å¼ï¼ˆç­‰äºã€ä¸ç­‰äºã€å¤§äºã€å°äºã€èŒƒå›´ï¼‰',
  `html_type` varchar(200) DEFAULT NULL COMMENT 'æ˜¾ç¤ºç±»å‹ï¼ˆæ–‡æœ¬æ¡†ã€æ–‡æœ¬åŸŸã€ä¸‹æ‹‰æ¡†ã€å¤é€‰æ¡†ã€å•é€‰æ¡†ã€æ—¥æœŸæ§ä»¶ï¼‰',
  `dict_type` varchar(200) DEFAULT '' COMMENT 'å­—å…¸ç±»å‹',
  `sort` int DEFAULT NULL COMMENT 'æ’åº',
  `create_by` varchar(64) DEFAULT '' COMMENT 'åˆ›å»ºè€…',
  `create_time` datetime DEFAULT NULL COMMENT 'åˆ›å»ºæ—¶é—´',
  `update_by` varchar(64) DEFAULT '' COMMENT 'æ›´æ–°è€…',
  `update_time` datetime DEFAULT NULL COMMENT 'æ›´æ–°æ—¶é—´',
  PRIMARY KEY (`column_id`)
) ENGINE=InnoDB DEFAULT CHARSET=utf8mb3 COMMENT='ä»£ç ç”Ÿæˆä¸šåŠ¡è¡¨å­—æ®µ';
/*!40101 SET character_set_client = @saved_cs_client */;

--
-- Dumping data for table `gen_table_column`
--

LOCK TABLES `gen_table_column` WRITE;
/*!40000 ALTER TABLE `gen_table_column` DISABLE KEYS */;
/*!40000 ALTER TABLE `gen_table_column` ENABLE KEYS */;
UNLOCK TABLES;

--
-- Table structure for table `qrtz_blob_triggers`
--

DROP TABLE IF EXISTS `qrtz_blob_triggers`;
/*!40101 SET @saved_cs_client     = @@character_set_client */;
/*!50503 SET character_set_client = utf8mb4 */;
CREATE TABLE `qrtz_blob_triggers` (
  `sched_name` varchar(120) NOT NULL COMMENT 'è°ƒåº¦åç§°',
  `trigger_name` varchar(200) NOT NULL COMMENT 'qrtz_triggersè¡¨trigger_nameçš„å¤–é”®',
  `trigger_group` varchar(200) NOT NULL COMMENT 'qrtz_triggersè¡¨trigger_groupçš„å¤–é”®',
  `blob_data` blob COMMENT 'å­˜æ”¾æŒä¹…åŒ–Triggerå¯¹è±¡',
  PRIMARY KEY (`sched_name`,`trigger_name`,`trigger_group`),
  CONSTRAINT `QRTZ_BLOB_TRIGGERS_ibfk_1` FOREIGN KEY (`sched_name`, `trigger_name`, `trigger_group`) REFERENCES `qrtz_triggers` (`sched_name`, `trigger_name`, `trigger_group`)
) ENGINE=InnoDB DEFAULT CHARSET=utf8mb3 COMMENT='Blobç±»å‹çš„è§¦å‘å™¨è¡¨';
/*!40101 SET character_set_client = @saved_cs_client */;

--
-- Dumping data for table `qrtz_blob_triggers`
--

LOCK TABLES `qrtz_blob_triggers` WRITE;
/*!40000 ALTER TABLE `qrtz_blob_triggers` DISABLE KEYS */;
/*!40000 ALTER TABLE `qrtz_blob_triggers` ENABLE KEYS */;
UNLOCK TABLES;

--
-- Table structure for table `qrtz_calendars`
--

DROP TABLE IF EXISTS `qrtz_calendars`;
/*!40101 SET @saved_cs_client     = @@character_set_client */;
/*!50503 SET character_set_client = utf8mb4 */;
CREATE TABLE `qrtz_calendars` (
  `sched_name` varchar(120) NOT NULL COMMENT 'è°ƒåº¦åç§°',
  `calendar_name` varchar(200) NOT NULL COMMENT 'æ—¥å†åç§°',
  `calendar` blob NOT NULL COMMENT 'å­˜æ”¾æŒä¹…åŒ–calendarå¯¹è±¡',
  PRIMARY KEY (`sched_name`,`calendar_name`)
) ENGINE=InnoDB DEFAULT CHARSET=utf8mb3 COMMENT='æ—¥å†ä¿¡æ¯è¡¨';
/*!40101 SET character_set_client = @saved_cs_client */;

--
-- Dumping data for table `qrtz_calendars`
--

LOCK TABLES `qrtz_calendars` WRITE;
/*!40000 ALTER TABLE `qrtz_calendars` DISABLE KEYS */;
/*!40000 ALTER TABLE `qrtz_calendars` ENABLE KEYS */;
UNLOCK TABLES;

--
-- Table structure for table `qrtz_cron_triggers`
--

DROP TABLE IF EXISTS `qrtz_cron_triggers`;
/*!40101 SET @saved_cs_client     = @@character_set_client */;
/*!50503 SET character_set_client = utf8mb4 */;
CREATE TABLE `qrtz_cron_triggers` (
  `sched_name` varchar(120) NOT NULL COMMENT 'è°ƒåº¦åç§°',
  `trigger_name` varchar(200) NOT NULL COMMENT 'qrtz_triggersè¡¨trigger_nameçš„å¤–é”®',
  `trigger_group` varchar(200) NOT NULL COMMENT 'qrtz_triggersè¡¨trigger_groupçš„å¤–é”®',
  `cron_expression` varchar(200) NOT NULL COMMENT 'cronè¡¨è¾¾å¼',
  `time_zone_id` varchar(80) DEFAULT NULL COMMENT 'æ—¶åŒº',
  PRIMARY KEY (`sched_name`,`trigger_name`,`trigger_group`),
  CONSTRAINT `QRTZ_CRON_TRIGGERS_ibfk_1` FOREIGN KEY (`sched_name`, `trigger_name`, `trigger_group`) REFERENCES `qrtz_triggers` (`sched_name`, `trigger_name`, `trigger_group`)
) ENGINE=InnoDB DEFAULT CHARSET=utf8mb3 COMMENT='Cronç±»å‹çš„è§¦å‘å™¨è¡¨';
/*!40101 SET character_set_client = @saved_cs_client */;

--
-- Dumping data for table `qrtz_cron_triggers`
--

LOCK TABLES `qrtz_cron_triggers` WRITE;
/*!40000 ALTER TABLE `qrtz_cron_triggers` DISABLE KEYS */;
INSERT INTO `qrtz_cron_triggers` (`sched_name`, `trigger_name`, `trigger_group`, `cron_expression`, `time_zone_id`) VALUES ('RuoyiScheduler','TASK_CLASS_NAME1','DEFAULT','0/10 * * * * ?','Asia/Shanghai'),('RuoyiScheduler','TASK_CLASS_NAME2','DEFAULT','0/15 * * * * ?','Asia/Shanghai'),('RuoyiScheduler','TASK_CLASS_NAME3','DEFAULT','0/20 * * * * ?','Asia/Shanghai');
/*!40000 ALTER TABLE `qrtz_cron_triggers` ENABLE KEYS */;
UNLOCK TABLES;

--
-- Table structure for table `qrtz_fired_triggers`
--

DROP TABLE IF EXISTS `qrtz_fired_triggers`;
/*!40101 SET @saved_cs_client     = @@character_set_client */;
/*!50503 SET character_set_client = utf8mb4 */;
CREATE TABLE `qrtz_fired_triggers` (
  `sched_name` varchar(120) NOT NULL COMMENT 'è°ƒåº¦åç§°',
  `entry_id` varchar(95) NOT NULL COMMENT 'è°ƒåº¦å™¨å®ä¾‹id',
  `trigger_name` varchar(200) NOT NULL COMMENT 'qrtz_triggersè¡¨trigger_nameçš„å¤–é”®',
  `trigger_group` varchar(200) NOT NULL COMMENT 'qrtz_triggersè¡¨trigger_groupçš„å¤–é”®',
  `instance_name` varchar(200) NOT NULL COMMENT 'è°ƒåº¦å™¨å®ä¾‹å',
  `fired_time` bigint NOT NULL COMMENT 'è§¦å‘çš„æ—¶é—´',
  `sched_time` bigint NOT NULL COMMENT 'å®šæ—¶å™¨åˆ¶å®šçš„æ—¶é—´',
  `priority` int NOT NULL COMMENT 'ä¼˜å…ˆçº§',
  `state` varchar(16) NOT NULL COMMENT 'çŠ¶æ€',
  `job_name` varchar(200) DEFAULT NULL COMMENT 'ä»»åŠ¡åç§°',
  `job_group` varchar(200) DEFAULT NULL COMMENT 'ä»»åŠ¡ç»„å',
  `is_nonconcurrent` varchar(1) DEFAULT NULL COMMENT 'æ˜¯å¦å¹¶å‘',
  `requests_recovery` varchar(1) DEFAULT NULL COMMENT 'æ˜¯å¦æ¥å—æ¢å¤æ‰§è¡Œ',
  PRIMARY KEY (`sched_name`,`entry_id`)
) ENGINE=InnoDB DEFAULT CHARSET=utf8mb3 COMMENT='å·²è§¦å‘çš„è§¦å‘å™¨è¡¨';
/*!40101 SET character_set_client = @saved_cs_client */;

--
-- Dumping data for table `qrtz_fired_triggers`
--

LOCK TABLES `qrtz_fired_triggers` WRITE;
/*!40000 ALTER TABLE `qrtz_fired_triggers` DISABLE KEYS */;
/*!40000 ALTER TABLE `qrtz_fired_triggers` ENABLE KEYS */;
UNLOCK TABLES;

--
-- Table structure for table `qrtz_job_details`
--

DROP TABLE IF EXISTS `qrtz_job_details`;
/*!40101 SET @saved_cs_client     = @@character_set_client */;
/*!50503 SET character_set_client = utf8mb4 */;
CREATE TABLE `qrtz_job_details` (
  `sched_name` varchar(120) NOT NULL COMMENT 'è°ƒåº¦åç§°',
  `job_name` varchar(200) NOT NULL COMMENT 'ä»»åŠ¡åç§°',
  `job_group` varchar(200) NOT NULL COMMENT 'ä»»åŠ¡ç»„å',
  `description` varchar(250) DEFAULT NULL COMMENT 'ç›¸å…³ä»‹ç»',
  `job_class_name` varchar(250) NOT NULL COMMENT 'æ‰§è¡Œä»»åŠ¡ç±»åç§°',
  `is_durable` varchar(1) NOT NULL COMMENT 'æ˜¯å¦æŒä¹…åŒ–',
  `is_nonconcurrent` varchar(1) NOT NULL COMMENT 'æ˜¯å¦å¹¶å‘',
  `is_update_data` varchar(1) NOT NULL COMMENT 'æ˜¯å¦æ›´æ–°æ•°æ®',
  `requests_recovery` varchar(1) NOT NULL COMMENT 'æ˜¯å¦æ¥å—æ¢å¤æ‰§è¡Œ',
  `job_data` blob COMMENT 'å­˜æ”¾æŒä¹…åŒ–jobå¯¹è±¡',
  PRIMARY KEY (`sched_name`,`job_name`,`job_group`)
) ENGINE=InnoDB DEFAULT CHARSET=utf8mb3 COMMENT='ä»»åŠ¡è¯¦ç»†ä¿¡æ¯è¡¨';
/*!40101 SET character_set_client = @saved_cs_client */;

--
-- Dumping data for table `qrtz_job_details`
--

LOCK TABLES `qrtz_job_details` WRITE;
/*!40000 ALTER TABLE `qrtz_job_details` DISABLE KEYS */;
INSERT INTO `qrtz_job_details` (`sched_name`, `job_name`, `job_group`, `description`, `job_class_name`, `is_durable`, `is_nonconcurrent`, `is_update_data`, `requests_recovery`, `job_data`) VALUES ('RuoyiScheduler','TASK_CLASS_NAME1','DEFAULT',NULL,'com.ruoyi.quartz.util.QuartzDisallowConcurrentExecution','0','1','0','0',_binary 'ï¿½ï¿½\0sr\0org.quartz.JobDataMapï¿½ï¿½ï¿½è¿©ï¿½ï¿½\0\0xr\0&org.quartz.utils.StringKeyDirtyFlagMapï¿½ï¿½ï¿½ï¿½ï¿½](\0Z\0allowsTransientDataxr\0org.quartz.utils.DirtyFlagMapï¿½.ï¿½(v\nï¿½\0Z\0dirtyL\0mapt\0Ljava/util/Map;xpsr\0java.util.HashMapï¿½ï¿½ï¿½`ï¿½\0F\0\nloadFactorI\0	thresholdxp?@\0\0\0\0\0w\0\0\0\0\0\0t\0TASK_PROPERTIESsr\0com.ruoyi.quartz.domain.SysJob\0\0\0\0\0\0\0\0L\0\nconcurrentt\0Ljava/lang/String;L\0cronExpressionq\0~\0	L\0invokeTargetq\0~\0	L\0jobGroupq\0~\0	L\0jobIdt\0Ljava/lang/Long;L\0jobNameq\0~\0	L\0\rmisfirePolicyq\0~\0	L\0statusq\0~\0	xr\0\'com.ruoyi.common.core.domain.BaseEntity\0\0\0\0\0\0\0\0L\0createByq\0~\0	L\0\ncreateTimet\0Ljava/util/Date;L\0paramsq\0~\0L\0remarkq\0~\0	L\0searchValueq\0~\0	L\0updateByq\0~\0	L\0\nupdateTimeq\0~\0xpt\0adminsr\0java.util.Datehjï¿½KYt\0\0xpw\0\0ï¿½|ï¿½ï¿½xpt\0\0pppt\01t\00/10 * * * * ?t\0ryTask.ryNoParamst\0DEFAULTsr\0java.lang.Long;ï¿½ï¿½Ì#ï¿½\0J\0valuexr\0java.lang.Numberï¿½ï¿½ï¿½ï¿½ï¿½ï¿½\0\0xp\0\0\0\0\0\0\0t\0ç³»ç»Ÿé»˜è®¤ï¼ˆæ— å‚ï¼‰t\03t\01x\0'),('RuoyiScheduler','TASK_CLASS_NAME2','DEFAULT',NULL,'com.ruoyi.quartz.util.QuartzDisallowConcurrentExecution','0','1','0','0',_binary 'ï¿½ï¿½\0sr\0org.quartz.JobDataMapï¿½ï¿½ï¿½è¿©ï¿½ï¿½\0\0xr\0&org.quartz.utils.StringKeyDirtyFlagMapï¿½ï¿½ï¿½ï¿½ï¿½](\0Z\0allowsTransientDataxr\0org.quartz.utils.DirtyFlagMapï¿½.ï¿½(v\nï¿½\0Z\0dirtyL\0mapt\0Ljava/util/Map;xpsr\0java.util.HashMapï¿½ï¿½ï¿½`ï¿½\0F\0\nloadFactorI\0	thresholdxp?@\0\0\0\0\0w\0\0\0\0\0\0t\0TASK_PROPERTIESsr\0com.ruoyi.quartz.domain.SysJob\0\0\0\0\0\0\0\0L\0\nconcurrentt\0Ljava/lang/String;L\0cronExpressionq\0~\0	L\0invokeTargetq\0~\0	L\0jobGroupq\0~\0	L\0jobIdt\0Ljava/lang/Long;L\0jobNameq\0~\0	L\0\rmisfirePolicyq\0~\0	L\0statusq\0~\0	xr\0\'com.ruoyi.common.core.domain.BaseEntity\0\0\0\0\0\0\0\0L\0createByq\0~\0	L\0\ncreateTimet\0Ljava/util/Date;L\0paramsq\0~\0L\0remarkq\0~\0	L\0searchValueq\0~\0	L\0updateByq\0~\0	L\0\nupdateTimeq\0~\0xpt\0adminsr\0java.util.Datehjï¿½KYt\0\0xpw\0\0ï¿½|ï¿½ï¿½xpt\0\0pppt\01t\00/15 * * * * ?t\0ryTask.ryParams(\'ry\')t\0DEFAULTsr\0java.lang.Long;ï¿½ï¿½Ì#ï¿½\0J\0valuexr\0java.lang.Numberï¿½ï¿½ï¿½ï¿½ï¿½ï¿½\0\0xp\0\0\0\0\0\0\0t\0ç³»ç»Ÿé»˜è®¤ï¼ˆæœ‰å‚ï¼‰t\03t\01x\0'),('RuoyiScheduler','TASK_CLASS_NAME3','DEFAULT',NULL,'com.ruoyi.quartz.util.QuartzDisallowConcurrentExecution','0','1','0','0',_binary 'ï¿½ï¿½\0sr\0org.quartz.JobDataMapï¿½ï¿½ï¿½è¿©ï¿½ï¿½\0\0xr\0&org.quartz.utils.StringKeyDirtyFlagMapï¿½ï¿½ï¿½ï¿½ï¿½](\0Z\0allowsTransientDataxr\0org.quartz.utils.DirtyFlagMapï¿½.ï¿½(v\nï¿½\0Z\0dirtyL\0mapt\0Ljava/util/Map;xpsr\0java.util.HashMapï¿½ï¿½ï¿½`ï¿½\0F\0\nloadFactorI\0	thresholdxp?@\0\0\0\0\0w\0\0\0\0\0\0t\0TASK_PROPERTIESsr\0com.ruoyi.quartz.domain.SysJob\0\0\0\0\0\0\0\0L\0\nconcurrentt\0Ljava/lang/String;L\0cronExpressionq\0~\0	L\0invokeTargetq\0~\0	L\0jobGroupq\0~\0	L\0jobIdt\0Ljava/lang/Long;L\0jobNameq\0~\0	L\0\rmisfirePolicyq\0~\0	L\0statusq\0~\0	xr\0\'com.ruoyi.common.core.domain.BaseEntity\0\0\0\0\0\0\0\0L\0createByq\0~\0	L\0\ncreateTimet\0Ljava/util/Date;L\0paramsq\0~\0L\0remarkq\0~\0	L\0searchValueq\0~\0	L\0updateByq\0~\0	L\0\nupdateTimeq\0~\0xpt\0adminsr\0java.util.Datehjï¿½KYt\0\0xpw\0\0ï¿½|ï¿½ï¿½xpt\0\0pppt\01t\00/20 * * * * ?t\08ryTask.ryMultipleParams(\'ry\', true, 2000L, 316.50D, 100)t\0DEFAULTsr\0java.lang.Long;ï¿½ï¿½Ì#ï¿½\0J\0valuexr\0java.lang.Numberï¿½ï¿½ï¿½ï¿½ï¿½ï¿½\0\0xp\0\0\0\0\0\0\0t\0ç³»ç»Ÿé»˜è®¤ï¼ˆå¤šå‚ï¼‰t\03t\01x\0');
/*!40000 ALTER TABLE `qrtz_job_details` ENABLE KEYS */;
UNLOCK TABLES;

--
-- Table structure for table `qrtz_locks`
--

DROP TABLE IF EXISTS `qrtz_locks`;
/*!40101 SET @saved_cs_client     = @@character_set_client */;
/*!50503 SET character_set_client = utf8mb4 */;
CREATE TABLE `qrtz_locks` (
  `sched_name` varchar(120) NOT NULL COMMENT 'è°ƒåº¦åç§°',
  `lock_name` varchar(40) NOT NULL COMMENT 'æ‚²è§‚é”åç§°',
  PRIMARY KEY (`sched_name`,`lock_name`)
) ENGINE=InnoDB DEFAULT CHARSET=utf8mb3 COMMENT='å­˜å‚¨çš„æ‚²è§‚é”ä¿¡æ¯è¡¨';
/*!40101 SET character_set_client = @saved_cs_client */;

--
-- Dumping data for table `qrtz_locks`
--

LOCK TABLES `qrtz_locks` WRITE;
/*!40000 ALTER TABLE `qrtz_locks` DISABLE KEYS */;
INSERT INTO `qrtz_locks` (`sched_name`, `lock_name`) VALUES ('RuoyiScheduler','STATE_ACCESS'),('RuoyiScheduler','TRIGGER_ACCESS');
/*!40000 ALTER TABLE `qrtz_locks` ENABLE KEYS */;
UNLOCK TABLES;

--
-- Table structure for table `qrtz_paused_trigger_grps`
--

DROP TABLE IF EXISTS `qrtz_paused_trigger_grps`;
/*!40101 SET @saved_cs_client     = @@character_set_client */;
/*!50503 SET character_set_client = utf8mb4 */;
CREATE TABLE `qrtz_paused_trigger_grps` (
  `sched_name` varchar(120) NOT NULL COMMENT 'è°ƒåº¦åç§°',
  `trigger_group` varchar(200) NOT NULL COMMENT 'qrtz_triggersè¡¨trigger_groupçš„å¤–é”®',
  PRIMARY KEY (`sched_name`,`trigger_group`)
) ENGINE=InnoDB DEFAULT CHARSET=utf8mb3 COMMENT='æš‚åœçš„è§¦å‘å™¨è¡¨';
/*!40101 SET character_set_client = @saved_cs_client */;

--
-- Dumping data for table `qrtz_paused_trigger_grps`
--

LOCK TABLES `qrtz_paused_trigger_grps` WRITE;
/*!40000 ALTER TABLE `qrtz_paused_trigger_grps` DISABLE KEYS */;
/*!40000 ALTER TABLE `qrtz_paused_trigger_grps` ENABLE KEYS */;
UNLOCK TABLES;

--
-- Table structure for table `qrtz_scheduler_state`
--

DROP TABLE IF EXISTS `qrtz_scheduler_state`;
/*!40101 SET @saved_cs_client     = @@character_set_client */;
/*!50503 SET character_set_client = utf8mb4 */;
CREATE TABLE `qrtz_scheduler_state` (
  `sched_name` varchar(120) NOT NULL COMMENT 'è°ƒåº¦åç§°',
  `instance_name` varchar(200) NOT NULL COMMENT 'å®ä¾‹åç§°',
  `last_checkin_time` bigint NOT NULL COMMENT 'ä¸Šæ¬¡æ£€æŸ¥æ—¶é—´',
  `checkin_interval` bigint NOT NULL COMMENT 'æ£€æŸ¥é—´éš”æ—¶é—´',
  PRIMARY KEY (`sched_name`,`instance_name`)
) ENGINE=InnoDB DEFAULT CHARSET=utf8mb3 COMMENT='è°ƒåº¦å™¨çŠ¶æ€è¡¨';
/*!40101 SET character_set_client = @saved_cs_client */;

--
-- Dumping data for table `qrtz_scheduler_state`
--

LOCK TABLES `qrtz_scheduler_state` WRITE;
/*!40000 ALTER TABLE `qrtz_scheduler_state` DISABLE KEYS */;
INSERT INTO `qrtz_scheduler_state` (`sched_name`, `instance_name`, `last_checkin_time`, `checkin_interval`) VALUES ('RuoyiScheduler','DESKTOP-6URAA5V1649749380303',1649749451665,15000);
/*!40000 ALTER TABLE `qrtz_scheduler_state` ENABLE KEYS */;
UNLOCK TABLES;

--
-- Table structure for table `qrtz_simple_triggers`
--

DROP TABLE IF EXISTS `qrtz_simple_triggers`;
/*!40101 SET @saved_cs_client     = @@character_set_client */;
/*!50503 SET character_set_client = utf8mb4 */;
CREATE TABLE `qrtz_simple_triggers` (
  `sched_name` varchar(120) NOT NULL COMMENT 'è°ƒåº¦åç§°',
  `trigger_name` varchar(200) NOT NULL COMMENT 'qrtz_triggersè¡¨trigger_nameçš„å¤–é”®',
  `trigger_group` varchar(200) NOT NULL COMMENT 'qrtz_triggersè¡¨trigger_groupçš„å¤–é”®',
  `repeat_count` bigint NOT NULL COMMENT 'é‡å¤çš„æ¬¡æ•°ç»Ÿè®¡',
  `repeat_interval` bigint NOT NULL COMMENT 'é‡å¤çš„é—´éš”æ—¶é—´',
  `times_triggered` bigint NOT NULL COMMENT 'å·²ç»è§¦å‘çš„æ¬¡æ•°',
  PRIMARY KEY (`sched_name`,`trigger_name`,`trigger_group`),
  CONSTRAINT `QRTZ_SIMPLE_TRIGGERS_ibfk_1` FOREIGN KEY (`sched_name`, `trigger_name`, `trigger_group`) REFERENCES `qrtz_triggers` (`sched_name`, `trigger_name`, `trigger_group`)
) ENGINE=InnoDB DEFAULT CHARSET=utf8mb3 COMMENT='ç®€å•è§¦å‘å™¨çš„ä¿¡æ¯è¡¨';
/*!40101 SET character_set_client = @saved_cs_client */;

--
-- Dumping data for table `qrtz_simple_triggers`
--

LOCK TABLES `qrtz_simple_triggers` WRITE;
/*!40000 ALTER TABLE `qrtz_simple_triggers` DISABLE KEYS */;
/*!40000 ALTER TABLE `qrtz_simple_triggers` ENABLE KEYS */;
UNLOCK TABLES;

--
-- Table structure for table `qrtz_simprop_triggers`
--

DROP TABLE IF EXISTS `qrtz_simprop_triggers`;
/*!40101 SET @saved_cs_client     = @@character_set_client */;
/*!50503 SET character_set_client = utf8mb4 */;
CREATE TABLE `qrtz_simprop_triggers` (
  `sched_name` varchar(120) NOT NULL COMMENT 'è°ƒåº¦åç§°',
  `trigger_name` varchar(200) NOT NULL COMMENT 'qrtz_triggersè¡¨trigger_nameçš„å¤–é”®',
  `trigger_group` varchar(200) NOT NULL COMMENT 'qrtz_triggersè¡¨trigger_groupçš„å¤–é”®',
  `str_prop_1` varchar(512) DEFAULT NULL COMMENT 'Stringç±»å‹çš„triggerçš„ç¬¬ä¸€ä¸ªå‚æ•°',
  `str_prop_2` varchar(512) DEFAULT NULL COMMENT 'Stringç±»å‹çš„triggerçš„ç¬¬äºŒä¸ªå‚æ•°',
  `str_prop_3` varchar(512) DEFAULT NULL COMMENT 'Stringç±»å‹çš„triggerçš„ç¬¬ä¸‰ä¸ªå‚æ•°',
  `int_prop_1` int DEFAULT NULL COMMENT 'intç±»å‹çš„triggerçš„ç¬¬ä¸€ä¸ªå‚æ•°',
  `int_prop_2` int DEFAULT NULL COMMENT 'intç±»å‹çš„triggerçš„ç¬¬äºŒä¸ªå‚æ•°',
  `long_prop_1` bigint DEFAULT NULL COMMENT 'longç±»å‹çš„triggerçš„ç¬¬ä¸€ä¸ªå‚æ•°',
  `long_prop_2` bigint DEFAULT NULL COMMENT 'longç±»å‹çš„triggerçš„ç¬¬äºŒä¸ªå‚æ•°',
  `dec_prop_1` decimal(13,4) DEFAULT NULL COMMENT 'decimalç±»å‹çš„triggerçš„ç¬¬ä¸€ä¸ªå‚æ•°',
  `dec_prop_2` decimal(13,4) DEFAULT NULL COMMENT 'decimalç±»å‹çš„triggerçš„ç¬¬äºŒä¸ªå‚æ•°',
  `bool_prop_1` varchar(1) DEFAULT NULL COMMENT 'Booleanç±»å‹çš„triggerçš„ç¬¬ä¸€ä¸ªå‚æ•°',
  `bool_prop_2` varchar(1) DEFAULT NULL COMMENT 'Booleanç±»å‹çš„triggerçš„ç¬¬äºŒä¸ªå‚æ•°',
  PRIMARY KEY (`sched_name`,`trigger_name`,`trigger_group`),
  CONSTRAINT `QRTZ_SIMPROP_TRIGGERS_ibfk_1` FOREIGN KEY (`sched_name`, `trigger_name`, `trigger_group`) REFERENCES `qrtz_triggers` (`sched_name`, `trigger_name`, `trigger_group`)
) ENGINE=InnoDB DEFAULT CHARSET=utf8mb3 COMMENT='åŒæ­¥æœºåˆ¶çš„è¡Œé”è¡¨';
/*!40101 SET character_set_client = @saved_cs_client */;

--
-- Dumping data for table `qrtz_simprop_triggers`
--

LOCK TABLES `qrtz_simprop_triggers` WRITE;
/*!40000 ALTER TABLE `qrtz_simprop_triggers` DISABLE KEYS */;
/*!40000 ALTER TABLE `qrtz_simprop_triggers` ENABLE KEYS */;
UNLOCK TABLES;

--
-- Table structure for table `qrtz_triggers`
--

DROP TABLE IF EXISTS `qrtz_triggers`;
/*!40101 SET @saved_cs_client     = @@character_set_client */;
/*!50503 SET character_set_client = utf8mb4 */;
CREATE TABLE `qrtz_triggers` (
  `sched_name` varchar(120) NOT NULL COMMENT 'è°ƒåº¦åç§°',
  `trigger_name` varchar(200) NOT NULL COMMENT 'è§¦å‘å™¨çš„åå­—',
  `trigger_group` varchar(200) NOT NULL COMMENT 'è§¦å‘å™¨æ‰€å±ç»„çš„åå­—',
  `job_name` varchar(200) NOT NULL COMMENT 'qrtz_job_detailsè¡¨job_nameçš„å¤–é”®',
  `job_group` varchar(200) NOT NULL COMMENT 'qrtz_job_detailsè¡¨job_groupçš„å¤–é”®',
  `description` varchar(250) DEFAULT NULL COMMENT 'ç›¸å…³ä»‹ç»',
  `next_fire_time` bigint DEFAULT NULL COMMENT 'ä¸Šä¸€æ¬¡è§¦å‘æ—¶é—´ï¼ˆæ¯«ç§’ï¼‰',
  `prev_fire_time` bigint DEFAULT NULL COMMENT 'ä¸‹ä¸€æ¬¡è§¦å‘æ—¶é—´ï¼ˆé»˜è®¤ä¸º-1è¡¨ç¤ºä¸è§¦å‘ï¼‰',
  `priority` int DEFAULT NULL COMMENT 'ä¼˜å…ˆçº§',
  `trigger_state` varchar(16) NOT NULL COMMENT 'è§¦å‘å™¨çŠ¶æ€',
  `trigger_type` varchar(8) NOT NULL COMMENT 'è§¦å‘å™¨çš„ç±»å‹',
  `start_time` bigint NOT NULL COMMENT 'å¼€å§‹æ—¶é—´',
  `end_time` bigint DEFAULT NULL COMMENT 'ç»“æŸæ—¶é—´',
  `calendar_name` varchar(200) DEFAULT NULL COMMENT 'æ—¥ç¨‹è¡¨åç§°',
  `misfire_instr` smallint DEFAULT NULL COMMENT 'è¡¥å¿æ‰§è¡Œçš„ç­–ç•¥',
  `job_data` blob COMMENT 'å­˜æ”¾æŒä¹…åŒ–jobå¯¹è±¡',
  PRIMARY KEY (`sched_name`,`trigger_name`,`trigger_group`),
  KEY `sched_name` (`sched_name`,`job_name`,`job_group`),
  CONSTRAINT `QRTZ_TRIGGERS_ibfk_1` FOREIGN KEY (`sched_name`, `job_name`, `job_group`) REFERENCES `qrtz_job_details` (`sched_name`, `job_name`, `job_group`)
) ENGINE=InnoDB DEFAULT CHARSET=utf8mb3 COMMENT='è§¦å‘å™¨è¯¦ç»†ä¿¡æ¯è¡¨';
/*!40101 SET character_set_client = @saved_cs_client */;

--
-- Dumping data for table `qrtz_triggers`
--

LOCK TABLES `qrtz_triggers` WRITE;
/*!40000 ALTER TABLE `qrtz_triggers` DISABLE KEYS */;
INSERT INTO `qrtz_triggers` (`sched_name`, `trigger_name`, `trigger_group`, `job_name`, `job_group`, `description`, `next_fire_time`, `prev_fire_time`, `priority`, `trigger_state`, `trigger_type`, `start_time`, `end_time`, `calendar_name`, `misfire_instr`, `job_data`) VALUES ('RuoyiScheduler','TASK_CLASS_NAME1','DEFAULT','TASK_CLASS_NAME1','DEFAULT',NULL,1649749380000,-1,5,'PAUSED','CRON',1649749380000,0,NULL,2,''),('RuoyiScheduler','TASK_CLASS_NAME2','DEFAULT','TASK_CLASS_NAME2','DEFAULT',NULL,1649749395000,-1,5,'PAUSED','CRON',1649749382000,0,NULL,2,''),('RuoyiScheduler','TASK_CLASS_NAME3','DEFAULT','TASK_CLASS_NAME3','DEFAULT',NULL,1649749400000,-1,5,'PAUSED','CRON',1649749383000,0,NULL,2,'');
/*!40000 ALTER TABLE `qrtz_triggers` ENABLE KEYS */;
UNLOCK TABLES;

--
-- Table structure for table `sys_config`
--

DROP TABLE IF EXISTS `sys_config`;
/*!40101 SET @saved_cs_client     = @@character_set_client */;
/*!50503 SET character_set_client = utf8mb4 */;
CREATE TABLE `sys_config` (
  `config_id` int NOT NULL AUTO_INCREMENT COMMENT 'å‚æ•°ä¸»é”®',
  `config_name` varchar(100) DEFAULT '' COMMENT 'å‚æ•°åç§°',
  `config_key` varchar(100) DEFAULT '' COMMENT 'å‚æ•°é”®å',
  `config_value` varchar(500) DEFAULT '' COMMENT 'å‚æ•°é”®å€¼',
  `config_type` char(1) DEFAULT 'N' COMMENT 'ç³»ç»Ÿå†…ç½®ï¼ˆYæ˜¯ Nå¦ï¼‰',
  `create_by` varchar(64) DEFAULT '' COMMENT 'åˆ›å»ºè€…',
  `create_time` datetime DEFAULT NULL COMMENT 'åˆ›å»ºæ—¶é—´',
  `update_by` varchar(64) DEFAULT '' COMMENT 'æ›´æ–°è€…',
  `update_time` datetime DEFAULT NULL COMMENT 'æ›´æ–°æ—¶é—´',
  `remark` varchar(500) DEFAULT NULL COMMENT 'å¤‡æ³¨',
  PRIMARY KEY (`config_id`)
) ENGINE=InnoDB AUTO_INCREMENT=102 DEFAULT CHARSET=utf8mb3 COMMENT='å‚æ•°é…ç½®è¡¨';
/*!40101 SET character_set_client = @saved_cs_client */;

--
-- Dumping data for table `sys_config`
--

LOCK TABLES `sys_config` WRITE;
/*!40000 ALTER TABLE `sys_config` DISABLE KEYS */;
INSERT INTO `sys_config` (`config_id`, `config_name`, `config_key`, `config_value`, `config_type`, `create_by`, `create_time`, `update_by`, `update_time`, `remark`) VALUES (1,'ä¸»æ¡†æ¶é¡µ-é»˜è®¤çš®è‚¤æ ·å¼åç§°','sys.index.skinName','skin-blue','Y','admin','2022-04-03 16:13:36','',NULL,'è“è‰² skin-blueã€ç»¿è‰² skin-greenã€ç´«è‰² skin-purpleã€çº¢è‰² skin-redã€é»„è‰² skin-yellow'),(2,'ç”¨æˆ·ç®¡ç†-è´¦å·åˆå§‹å¯†ç ','sys.user.initPassword','123456','Y','admin','2022-04-03 16:13:36','',NULL,'åˆå§‹åŒ–å¯†ç  123456'),(3,'ä¸»æ¡†æ¶é¡µ-ä¾§è¾¹æ ä¸»é¢˜','sys.index.sideTheme','theme-dark','Y','admin','2022-04-03 16:13:36','',NULL,'æ·±é»‘ä¸»é¢˜theme-darkï¼Œæµ…è‰²ä¸»é¢˜theme-lightï¼Œæ·±è“ä¸»é¢˜theme-blue'),(4,'è´¦å·è‡ªåŠ©-æ˜¯å¦å¼€å¯ç”¨æˆ·æ³¨å†ŒåŠŸèƒ½','sys.account.registerUser','false','Y','admin','2022-04-03 16:13:36','',NULL,'æ˜¯å¦å¼€å¯æ³¨å†Œç”¨æˆ·åŠŸèƒ½ï¼ˆtrueå¼€å¯ï¼Œfalseå…³é—­ï¼‰'),(5,'ç”¨æˆ·ç®¡ç†-å¯†ç å­—ç¬¦èŒƒå›´','sys.account.chrtype','0','Y','admin','2022-04-03 16:13:36','',NULL,'é»˜è®¤ä»»æ„å­—ç¬¦èŒƒå›´ï¼Œ0ä»»æ„ï¼ˆå¯†ç å¯ä»¥è¾“å…¥ä»»æ„å­—ç¬¦ï¼‰ï¼Œ1æ•°å­—ï¼ˆå¯†ç åªèƒ½ä¸º0-9æ•°å­—ï¼‰ï¼Œ2è‹±æ–‡å­—æ¯ï¼ˆå¯†ç åªèƒ½ä¸ºa-zå’ŒA-Zå­—æ¯ï¼‰ï¼Œ3å­—æ¯å’Œæ•°å­—ï¼ˆå¯†ç å¿…é¡»åŒ…å«å­—æ¯ï¼Œæ•°å­—ï¼‰,4å­—æ¯æ•°å­—å’Œç‰¹æ®Šå­—ç¬¦ï¼ˆç›®å‰æ”¯æŒçš„ç‰¹æ®Šå­—ç¬¦åŒ…æ‹¬ï¼š~!@#$%^&*()-=_+ï¼‰'),(6,'ç”¨æˆ·ç®¡ç†-åˆå§‹å¯†ç ä¿®æ”¹ç­–ç•¥','sys.account.initPasswordModify','0','Y','admin','2022-04-03 16:13:36','',NULL,'0ï¼šåˆå§‹å¯†ç ä¿®æ”¹ç­–ç•¥å…³é—­ï¼Œæ²¡æœ‰ä»»ä½•æç¤ºï¼Œ1ï¼šæé†’ç”¨æˆ·ï¼Œå¦‚æœæœªä¿®æ”¹åˆå§‹å¯†ç ï¼Œåˆ™åœ¨ç™»å½•æ—¶å°±ä¼šæé†’ä¿®æ”¹å¯†ç å¯¹è¯æ¡†'),(7,'ç”¨æˆ·ç®¡ç†-è´¦å·å¯†ç æ›´æ–°å‘¨æœŸ','sys.account.passwordValidateDays','0','Y','admin','2022-04-03 16:13:36','',NULL,'å¯†ç æ›´æ–°å‘¨æœŸï¼ˆå¡«å†™æ•°å­—ï¼Œæ•°æ®åˆå§‹åŒ–å€¼ä¸º0ä¸é™åˆ¶ï¼Œè‹¥ä¿®æ”¹å¿…é¡»ä¸ºå¤§äº0å°äº365çš„æ­£æ•´æ•°ï¼‰ï¼Œå¦‚æœè¶…è¿‡è¿™ä¸ªå‘¨æœŸç™»å½•ç³»ç»Ÿæ—¶ï¼Œåˆ™åœ¨ç™»å½•æ—¶å°±ä¼šæé†’ä¿®æ”¹å¯†ç å¯¹è¯æ¡†'),(8,'ä¸»æ¡†æ¶é¡µ-èœå•å¯¼èˆªæ˜¾ç¤ºé£æ ¼','sys.index.menuStyle','topnav','Y','admin','2022-04-03 16:13:36','admin','2022-06-09 15:05:01','èœå•å¯¼èˆªæ˜¾ç¤ºé£æ ¼ï¼ˆdefaultä¸ºå·¦ä¾§å¯¼èˆªèœå•ï¼Œtopnavä¸ºé¡¶éƒ¨å¯¼èˆªèœå•ï¼‰'),(9,'ä¸»æ¡†æ¶é¡µ-æ˜¯å¦å¼€å¯é¡µè„š','sys.index.footer','true','Y','admin','2022-04-03 16:13:36','',NULL,'æ˜¯å¦å¼€å¯åº•éƒ¨é¡µè„šæ˜¾ç¤ºï¼ˆtrueæ˜¾ç¤ºï¼Œfalseéšè—ï¼‰'),(10,'ä¸»æ¡†æ¶é¡µ-æ˜¯å¦å¼€å¯é¡µç­¾','sys.index.tagsView','true','Y','admin','2022-04-03 16:13:36','',NULL,'æ˜¯å¦å¼€å¯èœå•å¤šé¡µç­¾æ˜¾ç¤ºï¼ˆtrueæ˜¾ç¤ºï¼Œfalseéšè—ï¼‰'),(100,'åº”è˜ç™»è®°äºŒç»´ç è·¯å¾„å‰ç¼€','resume_gather','http://localhost:8087/italent/resume/addReg','Y','admin','2023-03-23 11:41:33','admin','2023-06-05 09:54:02',''),(101,'å¤–ç½‘è·¯å¾„å‰ç¼€','out.url.prefix','http://localhost:8087','Y','admin','2023-03-24 14:31:02','admin','2023-06-05 09:53:56','');
/*!40000 ALTER TABLE `sys_config` ENABLE KEYS */;
UNLOCK TABLES;

--
-- Table structure for table `sys_dept`
--

DROP TABLE IF EXISTS `sys_dept`;
/*!40101 SET @saved_cs_client     = @@character_set_client */;
/*!50503 SET character_set_client = utf8mb4 */;
CREATE TABLE `sys_dept` (
  `dept_id` bigint NOT NULL AUTO_INCREMENT COMMENT 'éƒ¨é—¨id',
  `parent_id` bigint DEFAULT '0' COMMENT 'çˆ¶éƒ¨é—¨id',
  `ancestors` varchar(50) DEFAULT '' COMMENT 'ç¥–çº§åˆ—è¡¨',
  `dept_name` varchar(30) DEFAULT '' COMMENT 'éƒ¨é—¨åç§°',
  `order_num` int DEFAULT '0' COMMENT 'æ˜¾ç¤ºé¡ºåº',
  `leader` varchar(20) DEFAULT NULL COMMENT 'è´Ÿè´£äºº',
  `phone` varchar(11) DEFAULT NULL COMMENT 'è”ç³»ç”µè¯',
  `email` varchar(50) DEFAULT NULL COMMENT 'é‚®ç®±',
  `status` char(1) DEFAULT '0' COMMENT 'éƒ¨é—¨çŠ¶æ€ï¼ˆ0æ­£å¸¸ 1åœç”¨ï¼‰',
  `del_flag` char(1) DEFAULT '0' COMMENT 'åˆ é™¤æ ‡å¿—ï¼ˆ0ä»£è¡¨å­˜åœ¨ 2ä»£è¡¨åˆ é™¤ï¼‰',
  `create_by` varchar(64) DEFAULT '' COMMENT 'åˆ›å»ºè€…',
  `create_time` datetime DEFAULT NULL COMMENT 'åˆ›å»ºæ—¶é—´',
  `update_by` varchar(64) DEFAULT '' COMMENT 'æ›´æ–°è€…',
  `update_time` datetime DEFAULT NULL COMMENT 'æ›´æ–°æ—¶é—´',
  PRIMARY KEY (`dept_id`)
) ENGINE=InnoDB AUTO_INCREMENT=204 DEFAULT CHARSET=utf8mb3 COMMENT='éƒ¨é—¨è¡¨';
/*!40101 SET character_set_client = @saved_cs_client */;

--
-- Dumping data for table `sys_dept`
--

LOCK TABLES `sys_dept` WRITE;
/*!40000 ALTER TABLE `sys_dept` DISABLE KEYS */;
INSERT INTO `sys_dept` (`dept_id`, `parent_id`, `ancestors`, `dept_name`, `order_num`, `leader`, `phone`, `email`, `status`, `del_flag`, `create_by`, `create_time`, `update_by`, `update_time`) VALUES (100,0,'0','å…«å…­ä¸‰è½¯ä»¶',0,'è‹¥ä¾','15888888888','ry@qq.com','0','0','admin','2022-04-03 16:13:36','',NULL),(101,100,'0,100','03-æµ‹è¯„ä¸­å¿ƒ',3,'','','','0','0','admin','2022-04-03 16:13:36','admin','2022-06-02 15:14:26'),(102,100,'0,100','02-è¥é”€ä¸­å¿ƒ',2,'','','','0','0','admin','2022-04-03 16:13:36','admin','2022-06-02 15:13:17'),(103,101,'0,100,101','æµ‹è¯„éƒ¨',1,'','','','0','0','admin','2022-04-03 16:13:36','admin','2022-06-02 15:14:44'),(104,101,'0,100,101','ä¸šåŠ¡ä¸€éƒ¨',2,'','','','0','0','admin','2022-04-03 16:13:36','admin','2022-06-02 15:15:11'),(105,101,'0,100,101','ä¸šåŠ¡äºŒéƒ¨',3,'','','','0','0','admin','2022-04-03 16:13:36','admin','2022-06-02 15:15:21'),(106,101,'0,100,101','å®éªŒå®¤',4,'','','','0','0','admin','2022-04-03 16:13:36','admin','2022-06-02 15:15:31'),(107,101,'0,100,101','è¿ç»´éƒ¨é—¨',5,'è‹¥ä¾','15888888888','ry@qq.com','0','2','admin','2022-04-03 16:13:36','',NULL),(108,102,'0,100,102','è½¯ä»¶æœåŠ¡ä¸€éƒ¨',1,'','','','0','0','admin','2022-04-03 16:13:36','admin','2022-06-02 15:13:48'),(109,102,'0,100,102','è½¯ä»¶æœåŠ¡äºŒéƒ¨',2,'','','','0','0','admin','2022-04-03 16:13:36','admin','2022-06-02 15:14:02'),(200,100,'0,100','01-æ€»ç»åŠ',1,'','','','0','0','admin','2022-06-02 15:12:15','admin','2022-06-02 15:13:24'),(201,100,'0,100','04-å¼€å‘ä¸­å¿ƒ',4,NULL,NULL,NULL,'0','0','admin','2022-06-02 15:16:17','',NULL),(202,201,'0,100,201','å¼€å‘ä¸€éƒ¨',1,NULL,NULL,NULL,'0','0','admin','2022-06-02 15:16:29','',NULL),(203,201,'0,100,201','å¼€å‘äºŒéƒ¨',2,NULL,NULL,NULL,'0','0','admin','2022-06-02 15:16:36','',NULL);
/*!40000 ALTER TABLE `sys_dept` ENABLE KEYS */;
UNLOCK TABLES;

--
-- Table structure for table `sys_dict_data`
--

DROP TABLE IF EXISTS `sys_dict_data`;
/*!40101 SET @saved_cs_client     = @@character_set_client */;
/*!50503 SET character_set_client = utf8mb4 */;
CREATE TABLE `sys_dict_data` (
  `dict_code` bigint NOT NULL AUTO_INCREMENT COMMENT 'å­—å…¸ç¼–ç ',
  `dict_sort` int DEFAULT '0' COMMENT 'å­—å…¸æ’åº',
  `dict_label` varchar(100) DEFAULT '' COMMENT 'å­—å…¸æ ‡ç­¾',
  `dict_value` varchar(100) DEFAULT '' COMMENT 'å­—å…¸é”®å€¼',
  `dict_type` varchar(100) DEFAULT '' COMMENT 'å­—å…¸ç±»å‹',
  `css_class` varchar(100) DEFAULT NULL COMMENT 'æ ·å¼å±æ€§ï¼ˆå…¶ä»–æ ·å¼æ‰©å±•ï¼‰',
  `list_class` varchar(100) DEFAULT NULL COMMENT 'è¡¨æ ¼å›æ˜¾æ ·å¼',
  `is_default` char(1) DEFAULT 'N' COMMENT 'æ˜¯å¦é»˜è®¤ï¼ˆYæ˜¯ Nå¦ï¼‰',
  `status` char(1) DEFAULT '0' COMMENT 'çŠ¶æ€ï¼ˆ0æ­£å¸¸ 1åœç”¨ï¼‰',
  `create_by` varchar(64) DEFAULT '' COMMENT 'åˆ›å»ºè€…',
  `create_time` datetime DEFAULT NULL COMMENT 'åˆ›å»ºæ—¶é—´',
  `update_by` varchar(64) DEFAULT '' COMMENT 'æ›´æ–°è€…',
  `update_time` datetime DEFAULT NULL COMMENT 'æ›´æ–°æ—¶é—´',
  `remark` varchar(500) DEFAULT NULL COMMENT 'å¤‡æ³¨',
  PRIMARY KEY (`dict_code`)
) ENGINE=InnoDB AUTO_INCREMENT=172 DEFAULT CHARSET=utf8mb3 COMMENT='å­—å…¸æ•°æ®è¡¨';
/*!40101 SET character_set_client = @saved_cs_client */;

--
-- Dumping data for table `sys_dict_data`
--

LOCK TABLES `sys_dict_data` WRITE;
/*!40000 ALTER TABLE `sys_dict_data` DISABLE KEYS */;
INSERT INTO `sys_dict_data` (`dict_code`, `dict_sort`, `dict_label`, `dict_value`, `dict_type`, `css_class`, `list_class`, `is_default`, `status`, `create_by`, `create_time`, `update_by`, `update_time`, `remark`) VALUES (1,1,'ç”·','0','sys_user_sex','','','Y','0','admin','2022-04-03 16:13:36','',NULL,'æ€§åˆ«ç”·'),(2,2,'å¥³','1','sys_user_sex','','','N','0','admin','2022-04-03 16:13:36','',NULL,'æ€§åˆ«å¥³'),(3,3,'æœªçŸ¥','2','sys_user_sex','','','N','0','admin','2022-04-03 16:13:36','',NULL,'æ€§åˆ«æœªçŸ¥'),(4,1,'æ˜¾ç¤º','0','sys_show_hide','','primary','Y','0','admin','2022-04-03 16:13:36','',NULL,'æ˜¾ç¤ºèœå•'),(5,2,'éšè—','1','sys_show_hide','','danger','N','0','admin','2022-04-03 16:13:36','',NULL,'éšè—èœå•'),(6,1,'æ­£å¸¸','0','sys_normal_disable','','primary','Y','0','admin','2022-04-03 16:13:36','',NULL,'æ­£å¸¸çŠ¶æ€'),(7,2,'åœç”¨','1','sys_normal_disable','','danger','N','0','admin','2022-04-03 16:13:36','',NULL,'åœç”¨çŠ¶æ€'),(8,1,'æ­£å¸¸','0','sys_job_status','','primary','Y','0','admin','2022-04-03 16:13:36','',NULL,'æ­£å¸¸çŠ¶æ€'),(9,2,'æš‚åœ','1','sys_job_status','','danger','N','0','admin','2022-04-03 16:13:36','',NULL,'åœç”¨çŠ¶æ€'),(10,1,'é»˜è®¤','DEFAULT','sys_job_group','','','Y','0','admin','2022-04-03 16:13:36','',NULL,'é»˜è®¤åˆ†ç»„'),(11,2,'ç³»ç»Ÿ','SYSTEM','sys_job_group','','','N','0','admin','2022-04-03 16:13:36','',NULL,'ç³»ç»Ÿåˆ†ç»„'),(12,1,'æ˜¯','Y','sys_yes_no','','primary','Y','0','admin','2022-04-03 16:13:36','',NULL,'ç³»ç»Ÿé»˜è®¤æ˜¯'),(13,2,'å¦','N','sys_yes_no','','danger','N','0','admin','2022-04-03 16:13:36','',NULL,'ç³»ç»Ÿé»˜è®¤å¦'),(14,1,'é€šçŸ¥','1','sys_notice_type','','warning','Y','0','admin','2022-04-03 16:13:36','',NULL,'é€šçŸ¥'),(15,2,'å…¬å‘Š','2','sys_notice_type','','success','N','0','admin','2022-04-03 16:13:36','',NULL,'å…¬å‘Š'),(16,1,'æ­£å¸¸','0','sys_notice_status','','primary','Y','0','admin','2022-04-03 16:13:36','',NULL,'æ­£å¸¸çŠ¶æ€'),(17,2,'å…³é—­','1','sys_notice_status','','danger','N','0','admin','2022-04-03 16:13:36','',NULL,'å…³é—­çŠ¶æ€'),(18,99,'å…¶ä»–','0','sys_oper_type','','info','N','0','admin','2022-04-03 16:13:36','',NULL,'å…¶ä»–æ“ä½œ'),(19,1,'æ–°å¢','1','sys_oper_type','','info','N','0','admin','2022-04-03 16:13:36','',NULL,'æ–°å¢æ“ä½œ'),(20,2,'ä¿®æ”¹','2','sys_oper_type','','info','N','0','admin','2022-04-03 16:13:36','',NULL,'ä¿®æ”¹æ“ä½œ'),(21,3,'åˆ é™¤','3','sys_oper_type','','danger','N','0','admin','2022-04-03 16:13:36','',NULL,'åˆ é™¤æ“ä½œ'),(22,4,'æˆæƒ','4','sys_oper_type','','primary','N','0','admin','2022-04-03 16:13:36','',NULL,'æˆæƒæ“ä½œ'),(23,5,'å¯¼å‡º','5','sys_oper_type','','warning','N','0','admin','2022-04-03 16:13:36','',NULL,'å¯¼å‡ºæ“ä½œ'),(24,6,'å¯¼å…¥','6','sys_oper_type','','warning','N','0','admin','2022-04-03 16:13:36','',NULL,'å¯¼å…¥æ“ä½œ'),(25,7,'å¼ºé€€','7','sys_oper_type','','danger','N','0','admin','2022-04-03 16:13:36','',NULL,'å¼ºé€€æ“ä½œ'),(26,8,'ç”Ÿæˆä»£ç ','8','sys_oper_type','','warning','N','0','admin','2022-04-03 16:13:36','',NULL,'ç”Ÿæˆæ“ä½œ'),(27,9,'æ¸…ç©ºæ•°æ®','9','sys_oper_type','','danger','N','0','admin','2022-04-03 16:13:36','',NULL,'æ¸…ç©ºæ“ä½œ'),(28,1,'æˆåŠŸ','0','sys_common_status','','primary','N','0','admin','2022-04-03 16:13:36','',NULL,'æ­£å¸¸çŠ¶æ€'),(29,2,'å¤±è´¥','1','sys_common_status','','danger','N','0','admin','2022-04-03 16:13:36','',NULL,'åœç”¨çŠ¶æ€'),(30,1,'æœªæ²Ÿé€š','0','resume_status','','','N','0','zss',NULL,'admin','2022-06-02 17:51:10','æœªæ²Ÿé€š'),(31,2,'æœªçº¦åˆ°','1','resume_status',NULL,NULL,'N','0','zss',NULL,'',NULL,'æœªçº¦åˆ°'),(32,3,'å·²é‚€çº¦','2','resume_status','','primary','N','0','zss',NULL,'admin','2022-07-05 13:48:22','å·²é‚€çº¦'),(33,0,'å·²å½’æ¡£','3','resume_status','','','Y','0','zss',NULL,'admin','2022-07-05 13:44:00','å·²å½’æ¡£'),(34,5,'ä¸åˆé€‚','4','resume_status',NULL,NULL,'N','0','zss',NULL,'',NULL,'ä¸åˆé€‚'),(35,6,'é»‘åå•','5','resume_status','','','N','0','zss',NULL,'admin','2022-07-25 13:22:48','é»‘åå•'),(37,7,'å·²åœ¨èŒ','6','resume_status','','','N','0','zss',NULL,'admin','2022-06-02 17:50:21','å·²ç»å…¥èŒå…¶ä»–å…¬å¸ã€‚'),(38,8,'å¾…å…¥èŒ','7','resume_status','','','N','0','zss',NULL,'admin','2022-06-02 17:50:46','å…¶ä»–å…¬å¸é¢è¯•é€šè¿‡ï¼Œå¾…å…¥èŒã€‚'),(100,1,'BOSSç›´è˜','BOSSç›´è˜','resume_from','','','N','0','admin','2022-06-01 14:25:11','admin','2022-06-02 23:57:31',''),(101,2,'çŒè˜ç½‘','çŒè˜ç½‘','resume_from','','','N','0','admin','2022-06-01 14:25:30','admin','2022-07-29 10:23:34',''),(102,3,'æ™ºè”æ‹›è˜','æ™ºè”æ‹›è˜','resume_from','','','N','0','admin','2022-06-01 14:25:43','admin','2022-06-02 23:57:40',''),(103,4,'58åŒåŸ','58åŒåŸ','resume_from','','','N','0','admin','2022-06-01 14:25:56','admin','2022-06-02 23:57:44',''),(104,99,'å…¶ä»–','å…¶ä»–','resume_from','','','N','0','admin','2022-06-01 14:26:17','admin','2023-03-28 16:19:06',''),(105,1,'æœªå®‰æ’','1','resume_progress','','danger','Y','0','admin','2022-06-02 15:21:23','admin','2022-06-02 15:23:46',''),(106,2,'é¢è¯•ä¸­','2','resume_progress','','warning','Y','0','admin','2022-06-02 15:21:32','admin','2022-06-02 15:23:50',''),(107,4,'é¢è¯•å®Œæ¯•','3','resume_progress','','info','Y','0','admin','2022-06-02 15:22:01','admin','2022-09-22 13:53:10',''),(108,5,'å‡†å¤‡å…¥èŒ','4','resume_progress','','success','Y','0','admin','2022-06-02 15:22:10','admin','2022-09-22 13:53:17',''),(109,6,'å…¥èŒæˆåŠŸ','5','resume_progress','','primary','Y','0','admin','2022-06-02 15:22:30','admin','2022-09-22 13:53:23',''),(110,5,'å‰ç¨‹æ— å¿§','å‰ç¨‹æ— å¿§','resume_from','','','N','0','admin','2022-06-04 14:40:17','admin','2022-07-29 10:24:20',''),(111,1,'0 - 3 å¹´','1','job_year',NULL,NULL,'Y','0','admin','2022-07-15 11:20:14','',NULL,NULL),(112,2,'3 - 5 å¹´','2','job_year',NULL,NULL,'Y','0','admin','2022-07-15 11:20:25','',NULL,NULL),(113,3,'5 - 10 å¹´','3','job_year',NULL,NULL,'Y','0','admin','2022-07-15 11:20:45','',NULL,NULL),(114,4,'10 å¹´ä»¥ä¸Š','4','job_year','','','Y','0','admin','2022-07-15 11:21:07','admin','2022-07-15 11:51:18',''),(115,5,'è‡ªå®šä¹‰','5','job_year',NULL,NULL,'Y','0','admin','2022-07-15 11:22:32','',NULL,NULL),(116,1,'å­¦ä¿¡ç½‘','å­¦ä¿¡ç½‘','educational_background_type','','','N','0','admin','2022-07-25 14:07:09','admin','2022-07-28 11:46:34',''),(117,2,'æ°‘æ•™ç½‘','æ°‘æ•™ç½‘','educational_background_type','','','N','0','admin','2022-07-25 14:07:39','admin','2022-07-28 11:46:38',''),(118,1,'ç»Ÿæ‹›','ç»Ÿæ‹›','enroll_type',NULL,NULL,'Y','0','admin','2022-07-28 11:46:58','',NULL,NULL),(119,2,'æˆæ•™','æˆæ•™','enroll_type',NULL,NULL,'Y','0','admin','2022-07-28 11:47:10','',NULL,NULL),(120,3,'è‡ªè€ƒ','è‡ªè€ƒ','enroll_type',NULL,NULL,'Y','0','admin','2022-07-28 11:47:17','',NULL,NULL),(121,4,'å‡½æˆ','å‡½æˆ','enroll_type',NULL,NULL,'Y','0','admin','2022-07-28 11:47:26','',NULL,NULL),(122,5,'åœ¨èŒ','åœ¨èŒ','enroll_type',NULL,NULL,'Y','0','admin','2022-07-28 11:47:33','',NULL,NULL),(123,6,'å†…éƒ¨æ¨è','å†…éƒ¨æ¨è','resume_from','','','N','0','admin','2022-07-29 10:24:02','admin','2023-03-28 16:19:49',''),(136,7,'å¤–éƒ¨æ¨è','å¤–éƒ¨æ¨è','resume_from','','','Y','0','admin','2022-07-29 15:04:50','admin','2023-03-23 15:56:02','1'),(137,7,'å·²æ¨èå®¢æˆ·','6','resume_progress','','primary','Y','0','admin','2022-09-15 11:03:24','admin','2022-09-22 13:53:27',''),(139,3,'è·Ÿè¿›ä¸­','7','resume_progress','','primary','Y','0','admin','2022-09-22 12:05:20','admin','2022-09-22 13:53:38',''),(140,8,'ç¦»èŒäººå‘˜','ç¦»èŒäººå‘˜','resume_from','','','Y','0','admin','2023-02-17 14:06:04','admin','2023-03-23 15:56:05','1'),(141,1,'æ¨¡æ¿','2','template_status','','','N','1','admin','2023-03-24 14:20:41','admin','2023-06-02 09:58:26',''),(142,2,'éæ¨¡æ¿','1','template_status','','','N','0','admin','2023-03-24 14:20:49','admin','2023-03-24 14:22:13',''),(143,1,'æœªå‘å¸ƒ','1','publish_status',NULL,NULL,'Y','0','admin','2023-03-24 14:25:26','',NULL,NULL),(144,2,'å·²å‘å¸ƒ','2','publish_status','','primary','Y','0','admin','2023-03-24 14:25:38','admin','2023-03-24 14:25:44',''),(145,1,'åŒ¿å','åŒ¿å','naire_anonymous_status',NULL,NULL,'Y','0','admin','2023-03-24 17:20:59','',NULL,NULL),(146,2,'å®å','å®å','naire_anonymous_status',NULL,NULL,'Y','0','admin','2023-03-24 17:21:07','',NULL,NULL),(147,1,'å¤§æ•°æ®','å¤§æ•°æ®','trade_classify',NULL,NULL,'Y','0','admin','2023-03-25 19:04:22','',NULL,NULL),(148,2,'æ”¿åŠ¡','æ”¿åŠ¡','trade_classify','','','Y','0','admin','2023-03-25 19:04:22','admin','2023-03-25 19:07:51',''),(149,3,'å·¥ä¸š','å·¥ä¸š','trade_classify',NULL,NULL,'Y','0','admin','2023-03-25 19:04:22','',NULL,NULL),(150,4,'åˆ¶é€ ä¸š','åˆ¶é€ ä¸š','trade_classify',NULL,NULL,'Y','0','admin','2023-03-25 19:04:22','',NULL,NULL),(151,5,'æ•™è‚²','æ•™è‚²','trade_classify',NULL,NULL,'Y','0','admin','2023-03-25 19:04:22','',NULL,NULL),(152,6,'ç”µåŠ›','ç”µåŠ›','trade_classify',NULL,NULL,'Y','0','admin','2023-03-25 19:04:22','',NULL,NULL),(153,7,'åŒ»ç–—','åŒ»ç–—','trade_classify',NULL,NULL,'Y','0','admin','2023-03-25 19:04:22','',NULL,NULL),(154,8,'ç¯ä¿','ç¯ä¿','trade_classify',NULL,NULL,'Y','0','admin','2023-03-25 19:04:22','',NULL,NULL),(155,9,'å…¬å®‰','å…¬å®‰','trade_classify',NULL,NULL,'Y','0','admin','2023-03-25 19:04:22','',NULL,NULL),(156,10,'äº’è”ç½‘ç”µå•†','äº’è”ç½‘ç”µå•†','trade_classify',NULL,NULL,'Y','0','admin','2023-03-25 19:04:22','',NULL,NULL),(157,11,'å¿«æ¶ˆå“','å¿«æ¶ˆå“','trade_classify',NULL,NULL,'Y','0','admin','2023-03-25 19:04:22','',NULL,NULL),(158,12,'è¿é”å•†è¶…','è¿é”å•†è¶…','trade_classify',NULL,NULL,'Y','0','admin','2023-03-25 19:04:22','',NULL,NULL),(159,13,'äº§ä¸šå›­','äº§ä¸šå›­','trade_classify',NULL,NULL,'Y','0','admin','2023-03-25 19:04:22','',NULL,NULL),(160,14,'æˆ¿åœ°äº§','æˆ¿åœ°äº§','trade_classify',NULL,NULL,'Y','0','admin','2023-03-25 19:04:22','',NULL,NULL),(161,15,'å…¶ä»–','å…¶ä»–','trade_classify',NULL,NULL,'Y','0','admin','2023-03-25 19:04:22','',NULL,NULL),(162,1,'ä¸“ç§‘','ä¸“ç§‘','edu_level',NULL,NULL,'Y','0','admin','2023-03-28 11:44:20','',NULL,NULL),(163,2,'æœ¬ç§‘','æœ¬ç§‘','edu_level',NULL,NULL,'Y','0','admin','2023-03-28 11:44:28','',NULL,NULL),(164,3,'ç¡•å£«','ç¡•å£«','edu_level',NULL,NULL,'Y','0','admin','2023-03-28 11:44:40','',NULL,NULL),(165,4,'åšå£«','åšå£«','edu_level',NULL,NULL,'Y','0','admin','2023-03-28 11:44:48','',NULL,NULL),(166,5,'å…¶ä»–','å…¶ä»–','edu_level',NULL,NULL,'Y','0','admin','2023-03-28 11:44:58','',NULL,NULL),(167,1,'ç»Ÿæ‹›','ç»Ÿæ‹›','admission_type',NULL,NULL,'Y','0','admin','2023-03-28 17:03:44','',NULL,NULL),(168,2,'è‡ªè€ƒ','è‡ªè€ƒ','admission_type',NULL,NULL,'Y','0','admin','2023-03-28 17:04:00','',NULL,NULL),(169,3,'æˆæ•™','æˆæ•™','admission_type',NULL,NULL,'Y','0','admin','2023-03-28 17:04:11','',NULL,NULL),(170,4,'å‡½æˆ','å‡½æˆ','admission_type',NULL,NULL,'Y','0','admin','2023-03-28 17:04:22','',NULL,NULL),(171,5,'åœ¨èŒ','åœ¨èŒ','admission_type',NULL,NULL,'Y','0','admin','2023-03-28 17:04:31','',NULL,NULL);
/*!40000 ALTER TABLE `sys_dict_data` ENABLE KEYS */;
UNLOCK TABLES;

--
-- Table structure for table `sys_dict_type`
--

DROP TABLE IF EXISTS `sys_dict_type`;
/*!40101 SET @saved_cs_client     = @@character_set_client */;
/*!50503 SET character_set_client = utf8mb4 */;
CREATE TABLE `sys_dict_type` (
  `dict_id` bigint NOT NULL AUTO_INCREMENT COMMENT 'å­—å…¸ä¸»é”®',
  `dict_name` varchar(100) DEFAULT '' COMMENT 'å­—å…¸åç§°',
  `dict_type` varchar(100) DEFAULT '' COMMENT 'å­—å…¸ç±»å‹',
  `status` char(1) DEFAULT '0' COMMENT 'çŠ¶æ€ï¼ˆ0æ­£å¸¸ 1åœç”¨ï¼‰',
  `create_by` varchar(64) DEFAULT '' COMMENT 'åˆ›å»ºè€…',
  `create_time` datetime DEFAULT NULL COMMENT 'åˆ›å»ºæ—¶é—´',
  `update_by` varchar(64) DEFAULT '' COMMENT 'æ›´æ–°è€…',
  `update_time` datetime DEFAULT NULL COMMENT 'æ›´æ–°æ—¶é—´',
  `remark` varchar(500) DEFAULT NULL COMMENT 'å¤‡æ³¨',
  PRIMARY KEY (`dict_id`),
  UNIQUE KEY `dict_type` (`dict_type`)
) ENGINE=InnoDB AUTO_INCREMENT=113 DEFAULT CHARSET=utf8mb3 COMMENT='å­—å…¸ç±»å‹è¡¨';
/*!40101 SET character_set_client = @saved_cs_client */;

--
-- Dumping data for table `sys_dict_type`
--

LOCK TABLES `sys_dict_type` WRITE;
/*!40000 ALTER TABLE `sys_dict_type` DISABLE KEYS */;
INSERT INTO `sys_dict_type` (`dict_id`, `dict_name`, `dict_type`, `status`, `create_by`, `create_time`, `update_by`, `update_time`, `remark`) VALUES (1,'ç”¨æˆ·æ€§åˆ«','sys_user_sex','0','admin','2022-04-03 16:13:36','',NULL,'ç”¨æˆ·æ€§åˆ«åˆ—è¡¨'),(2,'èœå•çŠ¶æ€','sys_show_hide','0','admin','2022-04-03 16:13:36','',NULL,'èœå•çŠ¶æ€åˆ—è¡¨'),(3,'ç³»ç»Ÿå¼€å…³','sys_normal_disable','0','admin','2022-04-03 16:13:36','',NULL,'ç³»ç»Ÿå¼€å…³åˆ—è¡¨'),(4,'ä»»åŠ¡çŠ¶æ€','sys_job_status','0','admin','2022-04-03 16:13:36','',NULL,'ä»»åŠ¡çŠ¶æ€åˆ—è¡¨'),(5,'ä»»åŠ¡åˆ†ç»„','sys_job_group','0','admin','2022-04-03 16:13:36','',NULL,'ä»»åŠ¡åˆ†ç»„åˆ—è¡¨'),(6,'ç³»ç»Ÿæ˜¯å¦','sys_yes_no','0','admin','2022-04-03 16:13:36','',NULL,'ç³»ç»Ÿæ˜¯å¦åˆ—è¡¨'),(7,'é€šçŸ¥ç±»å‹','sys_notice_type','0','admin','2022-04-03 16:13:36','',NULL,'é€šçŸ¥ç±»å‹åˆ—è¡¨'),(8,'é€šçŸ¥çŠ¶æ€','sys_notice_status','0','admin','2022-04-03 16:13:36','',NULL,'é€šçŸ¥çŠ¶æ€åˆ—è¡¨'),(9,'æ“ä½œç±»å‹','sys_oper_type','0','admin','2022-04-03 16:13:36','',NULL,'æ“ä½œç±»å‹åˆ—è¡¨'),(10,'ç³»ç»ŸçŠ¶æ€','sys_common_status','0','admin','2022-04-03 16:13:36','',NULL,'ç™»å½•çŠ¶æ€åˆ—è¡¨'),(11,'ç®€å†çŠ¶æ€','resume_status','0','zss','2022-04-18 21:23:49','admin','2022-06-02 15:08:38','æ ‡ç­¾çŠ¶æ€'),(100,'ç®€å†æ¥æº','resume_from','0','admin','2022-06-01 14:24:32','admin','2022-06-02 15:08:49','ç®€å†æ¥æº'),(102,'é¢è¯•è¿›åº¦','resume_progress','0','admin','2022-06-02 15:21:09','',NULL,'é¢è¯•è¿›åº¦'),(103,'èŒä½çº§åˆ«','resume_level','0','admin','2022-06-02 15:26:37','admin','2022-06-02 16:20:12','èŒä½çº§åˆ«'),(104,'å·¥ä½œå¹´é™','job_year','0','admin','2022-07-15 11:19:46','',NULL,NULL),(105,'å­¦å†ç±»å‹','educational_background_type','0','admin','2022-07-25 14:06:53','admin','2023-03-28 17:03:31',''),(106,'å½•å–æ–¹å¼','enroll_type','0','admin','2022-07-28 11:46:25','',NULL,NULL),(107,'æ¨¡æ¿æ ‡è¯†','template_status','0','admin','2023-03-24 14:20:17','',NULL,'é€‚ç”¨äºé—®å·æ¨¡å—'),(108,'å‘å¸ƒçŠ¶æ€','publish_status','0','admin','2023-03-24 14:25:06','',NULL,NULL),(109,'é—®å·åŒ¿åçŠ¶æ€','naire_anonymous_status','0','admin','2023-03-24 17:19:53','',NULL,NULL),(110,'è¡Œä¸šç§ç±»','trade_classify','0','admin','2023-03-25 18:56:03','',NULL,NULL),(111,'å­¦å†åˆ†ç±»','edu_level','0','admin','2023-03-28 11:44:07','',NULL,NULL),(112,'å½•å–æ–¹å¼','admission_type','0','admin','2023-03-28 17:03:20','',NULL,NULL);
/*!40000 ALTER TABLE `sys_dict_type` ENABLE KEYS */;
UNLOCK TABLES;

--
-- Table structure for table `sys_job`
--

DROP TABLE IF EXISTS `sys_job`;
/*!40101 SET @saved_cs_client     = @@character_set_client */;
/*!50503 SET character_set_client = utf8mb4 */;
CREATE TABLE `sys_job` (
  `job_id` bigint NOT NULL AUTO_INCREMENT COMMENT 'ä»»åŠ¡ID',
  `job_name` varchar(64) NOT NULL DEFAULT '' COMMENT 'ä»»åŠ¡åç§°',
  `job_group` varchar(64) NOT NULL DEFAULT 'DEFAULT' COMMENT 'ä»»åŠ¡ç»„å',
  `invoke_target` varchar(500) NOT NULL COMMENT 'è°ƒç”¨ç›®æ ‡å­—ç¬¦ä¸²',
  `cron_expression` varchar(255) DEFAULT '' COMMENT 'cronæ‰§è¡Œè¡¨è¾¾å¼',
  `misfire_policy` varchar(20) DEFAULT '3' COMMENT 'è®¡åˆ’æ‰§è¡Œé”™è¯¯ç­–ç•¥ï¼ˆ1ç«‹å³æ‰§è¡Œ 2æ‰§è¡Œä¸€æ¬¡ 3æ”¾å¼ƒæ‰§è¡Œï¼‰',
  `concurrent` char(1) DEFAULT '1' COMMENT 'æ˜¯å¦å¹¶å‘æ‰§è¡Œï¼ˆ0å…è®¸ 1ç¦æ­¢ï¼‰',
  `status` char(1) DEFAULT '0' COMMENT 'çŠ¶æ€ï¼ˆ0æ­£å¸¸ 1æš‚åœï¼‰',
  `create_by` varchar(64) DEFAULT '' COMMENT 'åˆ›å»ºè€…',
  `create_time` datetime DEFAULT NULL COMMENT 'åˆ›å»ºæ—¶é—´',
  `update_by` varchar(64) DEFAULT '' COMMENT 'æ›´æ–°è€…',
  `update_time` datetime DEFAULT NULL COMMENT 'æ›´æ–°æ—¶é—´',
  `remark` varchar(500) DEFAULT '' COMMENT 'å¤‡æ³¨ä¿¡æ¯',
  PRIMARY KEY (`job_id`,`job_name`,`job_group`)
) ENGINE=InnoDB AUTO_INCREMENT=100 DEFAULT CHARSET=utf8mb3 COMMENT='å®šæ—¶ä»»åŠ¡è°ƒåº¦è¡¨';
/*!40101 SET character_set_client = @saved_cs_client */;

--
-- Dumping data for table `sys_job`
--

LOCK TABLES `sys_job` WRITE;
/*!40000 ALTER TABLE `sys_job` DISABLE KEYS */;
INSERT INTO `sys_job` (`job_id`, `job_name`, `job_group`, `invoke_target`, `cron_expression`, `misfire_policy`, `concurrent`, `status`, `create_by`, `create_time`, `update_by`, `update_time`, `remark`) VALUES (1,'ç³»ç»Ÿé»˜è®¤ï¼ˆæ— å‚ï¼‰','DEFAULT','ryTask.ryNoParams','0/10 * * * * ?','3','1','1','admin','2022-04-03 16:13:36','',NULL,''),(2,'ç³»ç»Ÿé»˜è®¤ï¼ˆæœ‰å‚ï¼‰','DEFAULT','ryTask.ryParams(\'ry\')','0/15 * * * * ?','3','1','1','admin','2022-04-03 16:13:36','',NULL,''),(3,'ç³»ç»Ÿé»˜è®¤ï¼ˆå¤šå‚ï¼‰','DEFAULT','ryTask.ryMultipleParams(\'ry\', true, 2000L, 316.50D, 100)','0/20 * * * * ?','3','1','1','admin','2022-04-03 16:13:36','',NULL,'');
/*!40000 ALTER TABLE `sys_job` ENABLE KEYS */;
UNLOCK TABLES;

--
-- Table structure for table `sys_job_log`
--

DROP TABLE IF EXISTS `sys_job_log`;
/*!40101 SET @saved_cs_client     = @@character_set_client */;
/*!50503 SET character_set_client = utf8mb4 */;
CREATE TABLE `sys_job_log` (
  `job_log_id` bigint NOT NULL AUTO_INCREMENT COMMENT 'ä»»åŠ¡æ—¥å¿—ID',
  `job_name` varchar(64) NOT NULL COMMENT 'ä»»åŠ¡åç§°',
  `job_group` varchar(64) NOT NULL COMMENT 'ä»»åŠ¡ç»„å',
  `invoke_target` varchar(500) NOT NULL COMMENT 'è°ƒç”¨ç›®æ ‡å­—ç¬¦ä¸²',
  `job_message` varchar(500) DEFAULT NULL COMMENT 'æ—¥å¿—ä¿¡æ¯',
  `status` char(1) DEFAULT '0' COMMENT 'æ‰§è¡ŒçŠ¶æ€ï¼ˆ0æ­£å¸¸ 1å¤±è´¥ï¼‰',
  `exception_info` varchar(2000) DEFAULT '' COMMENT 'å¼‚å¸¸ä¿¡æ¯',
  `create_time` datetime DEFAULT NULL COMMENT 'åˆ›å»ºæ—¶é—´',
  PRIMARY KEY (`job_log_id`)
) ENGINE=InnoDB DEFAULT CHARSET=utf8mb3 COMMENT='å®šæ—¶ä»»åŠ¡è°ƒåº¦æ—¥å¿—è¡¨';
/*!40101 SET character_set_client = @saved_cs_client */;

--
-- Dumping data for table `sys_job_log`
--

LOCK TABLES `sys_job_log` WRITE;
/*!40000 ALTER TABLE `sys_job_log` DISABLE KEYS */;
/*!40000 ALTER TABLE `sys_job_log` ENABLE KEYS */;
UNLOCK TABLES;

--
-- Table structure for table `sys_logininfor`
--

DROP TABLE IF EXISTS `sys_logininfor`;
/*!40101 SET @saved_cs_client     = @@character_set_client */;
/*!50503 SET character_set_client = utf8mb4 */;
CREATE TABLE `sys_logininfor` (
  `info_id` bigint NOT NULL AUTO_INCREMENT COMMENT 'è®¿é—®ID',
  `login_name` varchar(50) DEFAULT '' COMMENT 'ç™»å½•è´¦å·',
  `ipaddr` varchar(128) DEFAULT '' COMMENT 'ç™»å½•IPåœ°å€',
  `login_location` varchar(255) DEFAULT '' COMMENT 'ç™»å½•åœ°ç‚¹',
  `browser` varchar(50) DEFAULT '' COMMENT 'æµè§ˆå™¨ç±»å‹',
  `os` varchar(50) DEFAULT '' COMMENT 'æ“ä½œç³»ç»Ÿ',
  `status` char(1) DEFAULT '0' COMMENT 'ç™»å½•çŠ¶æ€ï¼ˆ0æˆåŠŸ 1å¤±è´¥ï¼‰',
  `msg` varchar(255) DEFAULT '' COMMENT 'æç¤ºæ¶ˆæ¯',
  `login_time` datetime DEFAULT NULL COMMENT 'è®¿é—®æ—¶é—´',
  PRIMARY KEY (`info_id`)
) ENGINE=InnoDB DEFAULT CHARSET=utf8mb3 COMMENT='ç³»ç»Ÿè®¿é—®è®°å½•';
/*!40101 SET character_set_client = @saved_cs_client */;

--
-- Dumping data for table `sys_logininfor`
--

LOCK TABLES `sys_logininfor` WRITE;
/*!40000 ALTER TABLE `sys_logininfor` DISABLE KEYS */;
/*!40000 ALTER TABLE `sys_logininfor` ENABLE KEYS */;
UNLOCK TABLES;

--
-- Table structure for table `sys_menu`
--

DROP TABLE IF EXISTS `sys_menu`;
/*!40101 SET @saved_cs_client     = @@character_set_client */;
/*!50503 SET character_set_client = utf8mb4 */;
CREATE TABLE `sys_menu` (
  `menu_id` bigint NOT NULL AUTO_INCREMENT COMMENT 'èœå•ID',
  `menu_name` varchar(50) NOT NULL COMMENT 'èœå•åç§°',
  `parent_id` bigint DEFAULT '0' COMMENT 'çˆ¶èœå•ID',
  `order_num` int DEFAULT '0' COMMENT 'æ˜¾ç¤ºé¡ºåº',
  `url` varchar(200) DEFAULT '#' COMMENT 'è¯·æ±‚åœ°å€',
  `target` varchar(20) DEFAULT '' COMMENT 'æ‰“å¼€æ–¹å¼ï¼ˆmenuItemé¡µç­¾ menuBlankæ–°çª—å£ï¼‰',
  `menu_type` char(1) DEFAULT '' COMMENT 'èœå•ç±»å‹ï¼ˆMç›®å½• Cèœå• FæŒ‰é’®ï¼‰',
  `visible` char(1) DEFAULT '0' COMMENT 'èœå•çŠ¶æ€ï¼ˆ0æ˜¾ç¤º 1éšè—ï¼‰',
  `is_refresh` char(1) DEFAULT '1' COMMENT 'æ˜¯å¦åˆ·æ–°ï¼ˆ0åˆ·æ–° 1ä¸åˆ·æ–°ï¼‰',
  `perms` varchar(100) DEFAULT NULL COMMENT 'æƒé™æ ‡è¯†',
  `icon` varchar(100) DEFAULT '#' COMMENT 'èœå•å›¾æ ‡',
  `create_by` varchar(64) DEFAULT '' COMMENT 'åˆ›å»ºè€…',
  `create_time` datetime DEFAULT NULL COMMENT 'åˆ›å»ºæ—¶é—´',
  `update_by` varchar(64) DEFAULT '' COMMENT 'æ›´æ–°è€…',
  `update_time` datetime DEFAULT NULL COMMENT 'æ›´æ–°æ—¶é—´',
  `remark` varchar(500) DEFAULT '' COMMENT 'å¤‡æ³¨',
  PRIMARY KEY (`menu_id`)
) ENGINE=InnoDB AUTO_INCREMENT=2088 DEFAULT CHARSET=utf8mb3 COMMENT='èœå•æƒé™è¡¨';
/*!40101 SET character_set_client = @saved_cs_client */;

--
-- Dumping data for table `sys_menu`
--

LOCK TABLES `sys_menu` WRITE;
/*!40000 ALTER TABLE `sys_menu` DISABLE KEYS */;
INSERT INTO `sys_menu` (`menu_id`, `menu_name`, `parent_id`, `order_num`, `url`, `target`, `menu_type`, `visible`, `is_refresh`, `perms`, `icon`, `create_by`, `create_time`, `update_by`, `update_time`, `remark`) VALUES (1,'ç³»ç»Ÿç®¡ç†',0,997,'#','menuItem','M','0','1','','fa fa-gear','admin','2022-06-02 14:54:29','admin','2022-06-02 15:02:31','ç³»ç»Ÿç®¡ç†ç›®å½•'),(2,'ç³»ç»Ÿç›‘æ§',0,998,'#','menuItem','M','1','1','','fa fa-video-camera','admin','2022-06-02 14:54:29','admin','2022-06-02 15:02:43','ç³»ç»Ÿç›‘æ§ç›®å½•'),(3,'ç³»ç»Ÿå·¥å…·',0,999,'#','menuItem','M','1','1','','fa fa-bars','admin','2022-06-02 14:54:29','admin','2023-05-24 12:29:32','ç³»ç»Ÿå·¥å…·ç›®å½•'),(100,'ç”¨æˆ·ç®¡ç†',1,1,'/system/user','','C','0','1','system:user:view','fa fa-user-o','admin','2022-06-02 14:54:29','',NULL,'ç”¨æˆ·ç®¡ç†èœå•'),(101,'è§’è‰²ç®¡ç†',1,2,'/system/role','','C','0','1','system:role:view','fa fa-user-secret','admin','2022-06-02 14:54:29','',NULL,'è§’è‰²ç®¡ç†èœå•'),(102,'èœå•ç®¡ç†',1,3,'/system/menu','','C','0','1','system:menu:view','fa fa-th-list','admin','2022-06-02 14:54:29','',NULL,'èœå•ç®¡ç†èœå•'),(103,'éƒ¨é—¨ç®¡ç†',1,4,'/system/dept','','C','0','1','system:dept:view','fa fa-outdent','admin','2022-06-02 14:54:29','',NULL,'éƒ¨é—¨ç®¡ç†èœå•'),(104,'å²—ä½ç®¡ç†',1,5,'/system/post','','C','0','1','system:post:view','fa fa-address-card-o','admin','2022-06-02 14:54:29','',NULL,'å²—ä½ç®¡ç†èœå•'),(105,'å­—å…¸ç®¡ç†',1,6,'/system/dict','','C','0','1','system:dict:view','fa fa-bookmark-o','admin','2022-06-02 14:54:29','',NULL,'å­—å…¸ç®¡ç†èœå•'),(106,'å‚æ•°è®¾ç½®',1,7,'/system/config','','C','0','1','system:config:view','fa fa-sun-o','admin','2022-06-02 14:54:30','',NULL,'å‚æ•°è®¾ç½®èœå•'),(107,'é€šçŸ¥å…¬å‘Š',1,8,'/system/notice','','C','0','1','system:notice:view','fa fa-bullhorn','admin','2022-06-02 14:54:30','',NULL,'é€šçŸ¥å…¬å‘Šèœå•'),(108,'æ—¥å¿—ç®¡ç†',1,9,'#','','M','0','1','','fa fa-pencil-square-o','admin','2022-06-02 14:54:30','',NULL,'æ—¥å¿—ç®¡ç†èœå•'),(109,'åœ¨çº¿ç”¨æˆ·',2,1,'/monitor/online','','C','0','1','monitor:online:view','fa fa-user-circle','admin','2022-06-02 14:54:30','',NULL,'åœ¨çº¿ç”¨æˆ·èœå•'),(110,'å®šæ—¶ä»»åŠ¡',2,2,'/monitor/job','','C','0','1','monitor:job:view','fa fa-tasks','admin','2022-06-02 14:54:30','',NULL,'å®šæ—¶ä»»åŠ¡èœå•'),(111,'æ•°æ®ç›‘æ§',2,3,'/monitor/data','','C','0','1','monitor:data:view','fa fa-bug','admin','2022-06-02 14:54:30','',NULL,'æ•°æ®ç›‘æ§èœå•'),(112,'æœåŠ¡ç›‘æ§',2,4,'/monitor/server','','C','0','1','monitor:server:view','fa fa-server','admin','2022-06-02 14:54:30','',NULL,'æœåŠ¡ç›‘æ§èœå•'),(113,'ç¼“å­˜ç›‘æ§',2,5,'/monitor/cache','','C','0','1','monitor:cache:view','fa fa-cube','admin','2022-06-02 14:54:30','',NULL,'ç¼“å­˜ç›‘æ§èœå•'),(114,'è¡¨å•æ„å»º',3,1,'/tool/build','','C','0','1','tool:build:view','fa fa-wpforms','admin','2022-06-02 14:54:30','',NULL,'è¡¨å•æ„å»ºèœå•'),(115,'ä»£ç ç”Ÿæˆ',3,2,'/tool/gen','','C','0','1','tool:gen:view','fa fa-code','admin','2022-06-02 14:54:30','',NULL,'ä»£ç ç”Ÿæˆèœå•'),(116,'ç³»ç»Ÿæ¥å£',3,3,'/tool/swagger','','C','0','1','tool:swagger:view','fa fa-gg','admin','2022-06-02 14:54:30','',NULL,'ç³»ç»Ÿæ¥å£èœå•'),(500,'æ“ä½œæ—¥å¿—',108,1,'/monitor/operlog','','C','0','1','monitor:operlog:view','fa fa-address-book','admin','2022-06-02 14:54:30','',NULL,'æ“ä½œæ—¥å¿—èœå•'),(501,'ç™»å½•æ—¥å¿—',108,2,'/monitor/logininfor','','C','0','1','monitor:logininfor:view','fa fa-file-image-o','admin','2022-06-02 14:54:30','',NULL,'ç™»å½•æ—¥å¿—èœå•'),(1000,'ç”¨æˆ·æŸ¥è¯¢',100,1,'#','','F','0','1','system:user:list','#','admin','2022-06-02 14:54:30','',NULL,''),(1001,'ç”¨æˆ·æ–°å¢',100,2,'#','','F','0','1','system:user:add','#','admin','2022-06-02 14:54:30','',NULL,''),(1002,'ç”¨æˆ·ä¿®æ”¹',100,3,'#','','F','0','1','system:user:edit','#','admin','2022-06-02 14:54:30','',NULL,''),(1003,'ç”¨æˆ·åˆ é™¤',100,4,'#','','F','0','1','system:user:remove','#','admin','2022-06-02 14:54:30','',NULL,''),(1004,'ç”¨æˆ·å¯¼å‡º',100,5,'#','','F','0','1','system:user:export','#','admin','2022-06-02 14:54:30','',NULL,''),(1005,'ç”¨æˆ·å¯¼å…¥',100,6,'#','','F','0','1','system:user:import','#','admin','2022-06-02 14:54:30','',NULL,''),(1006,'é‡ç½®å¯†ç ',100,7,'#','','F','0','1','system:user:resetPwd','#','admin','2022-06-02 14:54:30','',NULL,''),(1007,'è§’è‰²æŸ¥è¯¢',101,1,'#','','F','0','1','system:role:list','#','admin','2022-06-02 14:54:30','',NULL,''),(1008,'è§’è‰²æ–°å¢',101,2,'#','','F','0','1','system:role:add','#','admin','2022-06-02 14:54:30','',NULL,''),(1009,'è§’è‰²ä¿®æ”¹',101,3,'#','','F','0','1','system:role:edit','#','admin','2022-06-02 14:54:30','',NULL,''),(1010,'è§’è‰²åˆ é™¤',101,4,'#','','F','0','1','system:role:remove','#','admin','2022-06-02 14:54:30','',NULL,''),(1011,'è§’è‰²å¯¼å‡º',101,5,'#','','F','0','1','system:role:export','#','admin','2022-06-02 14:54:30','',NULL,''),(1012,'èœå•æŸ¥è¯¢',102,1,'#','','F','0','1','system:menu:list','#','admin','2022-06-02 14:54:30','',NULL,''),(1013,'èœå•æ–°å¢',102,2,'#','','F','0','1','system:menu:add','#','admin','2022-06-02 14:54:30','',NULL,''),(1014,'èœå•ä¿®æ”¹',102,3,'#','','F','0','1','system:menu:edit','#','admin','2022-06-02 14:54:30','',NULL,''),(1015,'èœå•åˆ é™¤',102,4,'#','','F','0','1','system:menu:remove','#','admin','2022-06-02 14:54:30','',NULL,''),(1016,'éƒ¨é—¨æŸ¥è¯¢',103,1,'#','','F','0','1','system:dept:list','#','admin','2022-06-02 14:54:30','',NULL,''),(1017,'éƒ¨é—¨æ–°å¢',103,2,'#','','F','0','1','system:dept:add','#','admin','2022-06-02 14:54:30','',NULL,''),(1018,'éƒ¨é—¨ä¿®æ”¹',103,3,'#','','F','0','1','system:dept:edit','#','admin','2022-06-02 14:54:30','',NULL,''),(1019,'éƒ¨é—¨åˆ é™¤',103,4,'#','','F','0','1','system:dept:remove','#','admin','2022-06-02 14:54:30','',NULL,''),(1020,'å²—ä½æŸ¥è¯¢',104,1,'#','','F','0','1','system:post:list','#','admin','2022-06-02 14:54:30','',NULL,''),(1021,'å²—ä½æ–°å¢',104,2,'#','','F','0','1','system:post:add','#','admin','2022-06-02 14:54:30','',NULL,''),(1022,'å²—ä½ä¿®æ”¹',104,3,'#','','F','0','1','system:post:edit','#','admin','2022-06-02 14:54:30','',NULL,''),(1023,'å²—ä½åˆ é™¤',104,4,'#','','F','0','1','system:post:remove','#','admin','2022-06-02 14:54:30','',NULL,''),(1024,'å²—ä½å¯¼å‡º',104,5,'#','','F','0','1','system:post:export','#','admin','2022-06-02 14:54:30','',NULL,''),(1025,'å­—å…¸æŸ¥è¯¢',105,1,'#','','F','0','1','system:dict:list','#','admin','2022-06-02 14:54:30','',NULL,''),(1026,'å­—å…¸æ–°å¢',105,2,'#','','F','0','1','system:dict:add','#','admin','2022-06-02 14:54:30','',NULL,''),(1027,'å­—å…¸ä¿®æ”¹',105,3,'#','','F','0','1','system:dict:edit','#','admin','2022-06-02 14:54:30','',NULL,''),(1028,'å­—å…¸åˆ é™¤',105,4,'#','','F','0','1','system:dict:remove','#','admin','2022-06-02 14:54:30','',NULL,''),(1029,'å­—å…¸å¯¼å‡º',105,5,'#','','F','0','1','system:dict:export','#','admin','2022-06-02 14:54:31','',NULL,''),(1030,'å‚æ•°æŸ¥è¯¢',106,1,'#','','F','0','1','system:config:list','#','admin','2022-06-02 14:54:31','',NULL,''),(1031,'å‚æ•°æ–°å¢',106,2,'#','','F','0','1','system:config:add','#','admin','2022-06-02 14:54:31','',NULL,''),(1032,'å‚æ•°ä¿®æ”¹',106,3,'#','','F','0','1','system:config:edit','#','admin','2022-06-02 14:54:31','',NULL,''),(1033,'å‚æ•°åˆ é™¤',106,4,'#','','F','0','1','system:config:remove','#','admin','2022-06-02 14:54:31','',NULL,''),(1034,'å‚æ•°å¯¼å‡º',106,5,'#','','F','0','1','system:config:export','#','admin','2022-06-02 14:54:31','',NULL,''),(1035,'å…¬å‘ŠæŸ¥è¯¢',107,1,'#','','F','0','1','system:notice:list','#','admin','2022-06-02 14:54:31','',NULL,''),(1036,'å…¬å‘Šæ–°å¢',107,2,'#','','F','0','1','system:notice:add','#','admin','2022-06-02 14:54:31','',NULL,''),(1037,'å…¬å‘Šä¿®æ”¹',107,3,'#','','F','0','1','system:notice:edit','#','admin','2022-06-02 14:54:31','',NULL,''),(1038,'å…¬å‘Šåˆ é™¤',107,4,'#','','F','0','1','system:notice:remove','#','admin','2022-06-02 14:54:31','',NULL,''),(1039,'æ“ä½œæŸ¥è¯¢',500,1,'#','','F','0','1','monitor:operlog:list','#','admin','2022-06-02 14:54:31','',NULL,''),(1040,'æ“ä½œåˆ é™¤',500,2,'#','','F','0','1','monitor:operlog:remove','#','admin','2022-06-02 14:54:31','',NULL,''),(1041,'è¯¦ç»†ä¿¡æ¯',500,3,'#','','F','0','1','monitor:operlog:detail','#','admin','2022-06-02 14:54:31','',NULL,''),(1042,'æ—¥å¿—å¯¼å‡º',500,4,'#','','F','0','1','monitor:operlog:export','#','admin','2022-06-02 14:54:31','',NULL,''),(1043,'ç™»å½•æŸ¥è¯¢',501,1,'#','','F','0','1','monitor:logininfor:list','#','admin','2022-06-02 14:54:31','',NULL,''),(1044,'ç™»å½•åˆ é™¤',501,2,'#','','F','0','1','monitor:logininfor:remove','#','admin','2022-06-02 14:54:31','',NULL,''),(1045,'æ—¥å¿—å¯¼å‡º',501,3,'#','','F','0','1','monitor:logininfor:export','#','admin','2022-06-02 14:54:31','',NULL,''),(1046,'è´¦æˆ·è§£é”',501,4,'#','','F','0','1','monitor:logininfor:unlock','#','admin','2022-06-02 14:54:31','',NULL,''),(1047,'åœ¨çº¿æŸ¥è¯¢',109,1,'#','','F','0','1','monitor:online:list','#','admin','2022-06-02 14:54:31','',NULL,''),(1048,'æ‰¹é‡å¼ºé€€',109,2,'#','','F','0','1','monitor:online:batchForceLogout','#','admin','2022-06-02 14:54:31','',NULL,''),(1049,'å•æ¡å¼ºé€€',109,3,'#','','F','0','1','monitor:online:forceLogout','#','admin','2022-06-02 14:54:31','',NULL,''),(1050,'ä»»åŠ¡æŸ¥è¯¢',110,1,'#','','F','0','1','monitor:job:list','#','admin','2022-06-02 14:54:31','',NULL,''),(1051,'ä»»åŠ¡æ–°å¢',110,2,'#','','F','0','1','monitor:job:add','#','admin','2022-06-02 14:54:31','',NULL,''),(1052,'ä»»åŠ¡ä¿®æ”¹',110,3,'#','','F','0','1','monitor:job:edit','#','admin','2022-06-02 14:54:31','',NULL,''),(1053,'ä»»åŠ¡åˆ é™¤',110,4,'#','','F','0','1','monitor:job:remove','#','admin','2022-06-02 14:54:31','',NULL,''),(1054,'çŠ¶æ€ä¿®æ”¹',110,5,'#','','F','0','1','monitor:job:changeStatus','#','admin','2022-06-02 14:54:31','',NULL,''),(1055,'ä»»åŠ¡è¯¦ç»†',110,6,'#','','F','0','1','monitor:job:detail','#','admin','2022-06-02 14:54:31','',NULL,''),(1056,'ä»»åŠ¡å¯¼å‡º',110,7,'#','','F','0','1','monitor:job:export','#','admin','2022-06-02 14:54:31','',NULL,''),(1057,'ç”ŸæˆæŸ¥è¯¢',115,1,'#','','F','0','1','tool:gen:list','#','admin','2022-06-02 14:54:31','',NULL,''),(1058,'ç”Ÿæˆä¿®æ”¹',115,2,'#','','F','0','1','tool:gen:edit','#','admin','2022-06-02 14:54:31','',NULL,''),(1059,'ç”Ÿæˆåˆ é™¤',115,3,'#','','F','0','1','tool:gen:remove','#','admin','2022-06-02 14:54:31','',NULL,''),(1060,'é¢„è§ˆä»£ç ',115,4,'#','','F','0','1','tool:gen:preview','#','admin','2022-06-02 14:54:31','',NULL,''),(1061,'ç”Ÿæˆä»£ç ',115,5,'#','','F','0','1','tool:gen:code','#','admin','2022-06-02 14:54:31','',NULL,''),(2000,'é©¾é©¶èˆ±',0,1,'/italent/index','menuItem','C','0','1','italent:index:view','fa fa-institution','admin','2022-06-02 14:57:15','admin','2022-06-06 18:23:42',''),(2001,'äººæ‰åº“',0,3,'/italent/resume','menuItem','C','0','1','#','fa fa-group','admin','2022-06-02 15:28:23','admin','2022-06-06 18:26:17',''),(2003,'äººæ‰åº“ç®¡ç†æŸ¥è¯¢',2012,2,'#','menuItem','F','0','1','italent:resume:list','#','admin','2022-06-02 15:29:28','admin','2022-06-06 18:25:26',''),(2004,'äººæ‰åº“ç®¡ç†æ–°å¢',2012,3,'#','menuItem','F','0','1','italent:resume:add','#','admin','2022-06-02 15:29:28','admin','2022-06-06 18:25:35',''),(2005,'äººæ‰åº“ç®¡ç†ä¿®æ”¹',2012,4,'#','menuItem','F','0','1','italent:resume:edit','#','admin','2022-06-02 15:29:28','admin','2022-06-06 18:25:44',''),(2006,'äººæ‰åº“ç®¡ç†åˆ é™¤',2012,5,'#','menuItem','F','0','1','italent:resume:remove','#','admin','2022-06-02 15:29:28','admin','2022-06-06 18:25:54',''),(2007,'äººæ‰åº“ç®¡ç†ç®€å†å¯¼å‡º',2012,6,'#','menuItem','F','0','1','italent:resume:export','#','admin','2022-06-02 15:29:28','admin','2023-02-15 11:20:24',''),(2008,'ç»Ÿè®¡',0,8,'/italent/Count','menuItem','C','1','1','#','fa fa-bar-chart-o','admin','2022-06-04 15:01:52','admin','2022-07-05 14:23:26',''),(2009,'äººæ‰åº“ç®¡ç†ä¸‹è½½ç®€å†',2012,7,'#','menuItem','F','0','1','italent:resume:download','#','admin','2022-06-04 15:02:28','admin','2022-06-06 18:26:12',''),(2010,'äººæ‰åº“åŠŸèƒ½',0,996,'#','menuItem','F','0','1','#','#','admin','2022-06-06 18:24:44','admin','2022-06-06 18:28:55',''),(2011,'äººæ‰åº“ç®¡ç†å±•ç¤º',2012,1,'#','menuItem','F','0','1','italent:resume:view','#','admin','2022-06-06 18:25:15','',NULL,''),(2012,'äººæ‰åº“æ¨¡å—',2010,1,'#','menuItem','F','0','1','#','#','admin','2022-06-06 18:26:50','',NULL,''),(2013,'å›æ”¶æ± ',0,7,'/italent/resume/recycle','menuItem','C','0','1','','fa fa-snowflake-o','admin','2022-07-04 11:45:45','admin','2022-07-05 14:23:34',''),(2014,'å¾…å®‰æ’',0,4,'/italent/resume/unfix','menuItem','C','0','1','','fa fa-bell','admin','2022-07-04 12:39:28','admin','2022-07-05 14:23:11',''),(2015,'å·²å®‰æ’',0,5,'/italent/resume/fix','menuItem','C','0','1','','fa fa-comments','admin','2022-07-05 14:22:59','admin','2022-07-05 14:24:37',''),(2016,'ç²¾è‹±åŠ',0,6,'/italent/resume/hero','menuItem','C','0','1',NULL,'fa fa-handshake-o','admin','2022-07-05 14:24:14','',NULL,''),(2017,'äººæ‰åº“ç®¡ç†æ•°æ®å¯¼å…¥',2012,8,'#','menuItem','F','0','1','italent:resume:import','#','admin','2023-02-15 11:20:11','',NULL,''),(2018,'é—®å·è¯„ä¼°',2087,9,'#','menuItem','M','0','1','','fa fa-qrcode','admin','2022-05-10 13:52:20','admin','2023-03-24 16:00:58',''),(2019,'æˆ‘çš„é—®å·',2018,1,'/questionnaire/naire/1','menuItem','C','0','1','questionnaire:naire:view','#','admin','2022-05-10 14:47:36','admin','2022-05-10 15:46:07','é—®å·èœå•'),(2020,'é—®å·æŸ¥è¯¢',2019,1,'#','','F','0','1','questionnaire:naire:list','#','admin','2022-05-10 14:47:36','',NULL,''),(2021,'é—®å·æ–°å¢',2019,2,'#','','F','0','1','questionnaire:naire:add','#','admin','2022-05-10 14:47:36','',NULL,''),(2022,'é—®å·ä¿®æ”¹',2019,3,'#','','F','0','1','questionnaire:naire:edit','#','admin','2022-05-10 14:47:36','',NULL,''),(2023,'é—®å·åˆ é™¤',2019,4,'#','','F','0','1','questionnaire:naire:remove','#','admin','2022-05-10 14:47:36','',NULL,''),(2024,'é—®å·å¯¼å‡º',2019,5,'#','','F','0','1','questionnaire:naire:export','#','admin','2022-05-10 14:47:37','',NULL,''),(2025,'é—®å·è¯¦æƒ…',2018,4,'/questionnaire/result','menuItem','F','0','1','questionnaire:details:view','#','admin','2022-05-10 14:48:03','admin','2022-05-13 11:55:27','é—®å·è¯¦æƒ…èœå•'),(2026,'é—®å·è¯¦æƒ…æŸ¥è¯¢',2025,1,'#','','F','0','1','questionnaire:details:list','#','admin','2022-05-10 14:48:03','',NULL,''),(2027,'é—®å·è¯¦æƒ…æ–°å¢',2025,2,'#','','F','0','1','questionnaire:details:add','#','admin','2022-05-10 14:48:03','',NULL,''),(2028,'é—®å·è¯¦æƒ…ä¿®æ”¹',2025,3,'#','','F','0','1','questionnaire:details:edit','#','admin','2022-05-10 14:48:03','',NULL,''),(2029,'é—®å·è¯¦æƒ…åˆ é™¤',2025,4,'#','','F','0','1','questionnaire:details:remove','#','admin','2022-05-10 14:48:03','',NULL,''),(2030,'é—®å·è¯¦æƒ…å¯¼å‡º',2025,5,'#','','F','0','1','questionnaire:details:export','#','admin','2022-05-10 14:48:03','',NULL,''),(2031,'é—®å·æ¨¡æ¿',2018,3,'/questionnaire/naire/2','menuItem','C','1','1','','#','admin','2022-05-10 15:35:33','admin','2023-06-02 09:58:52',''),(2032,'é—®å·è®°å½•',2018,2,'/questionnaire/recode','menuItem','C','0','1','questionnaire:recode:view','#','admin','2022-05-11 21:23:18','admin','2022-05-12 11:49:04','é—®å·è®°å½•èœå•'),(2033,'é—®å·è®°å½•æŸ¥è¯¢',2032,1,'#','','F','0','1','questionnaire:recode:list','#','admin','2022-05-11 21:23:19','',NULL,''),(2034,'é—®å·è®°å½•æ–°å¢',2032,2,'#','','F','0','1','questionnaire:recode:add','#','admin','2022-05-11 21:23:19','',NULL,''),(2035,'é—®å·è®°å½•ä¿®æ”¹',2032,3,'#','','F','0','1','questionnaire:recode:edit','#','admin','2022-05-11 21:23:19','',NULL,''),(2036,'é—®å·è®°å½•åˆ é™¤',2032,4,'#','','F','0','1','questionnaire:recode:remove','#','admin','2022-05-11 21:23:19','',NULL,''),(2037,'é—®å·è®°å½•å¯¼å‡º',2032,5,'#','','F','0','1','questionnaire:recode:export','#','admin','2022-05-11 21:23:19','',NULL,''),(2038,'é—®å·ç»“æœ',2018,5,'','menuItem','F','0','1','questionnaire:result:view','#','admin','2022-05-11 23:04:19','admin','2022-05-12 11:48:47','é—®å·ç»“æœèœå•'),(2039,'é—®å·ç»“æœæŸ¥è¯¢',2038,1,'#','','F','0','1','questionnaire:result:list','#','admin','2022-05-11 23:04:19','',NULL,''),(2040,'é—®å·ç»“æœæ–°å¢',2038,2,'#','','F','0','1','questionnaire:result:add','#','admin','2022-05-11 23:04:19','',NULL,''),(2041,'é—®å·ç»“æœä¿®æ”¹',2038,3,'#','','F','0','1','questionnaire:result:edit','#','admin','2022-05-11 23:04:19','',NULL,''),(2042,'é—®å·ç»“æœåˆ é™¤',2038,4,'#','','F','0','1','questionnaire:result:remove','#','admin','2022-05-11 23:04:19','',NULL,''),(2043,'ä¼å²—è®¾ç½®',1,10,'#','menuItem','M','0','1','','fa fa-flag','admin','2023-03-25 17:36:11','admin','2023-05-24 12:23:42',''),(2044,'èŒä½ç®¡ç†',2043,2,'/italent/post','menuItem','C','0','1','italent:post:view','fa fa-cutlery','admin','2023-03-25 17:37:34','admin','2023-03-25 19:29:14','èŒä½ç®¡ç†èœå•'),(2045,'èŒä½ç®¡ç†æŸ¥è¯¢',2044,1,'#','','F','0','1','italent:post:list','#','admin','2023-03-25 17:37:35','',NULL,''),(2046,'èŒä½ç®¡ç†æ–°å¢',2044,2,'#','','F','0','1','italent:post:add','#','admin','2023-03-25 17:37:35','',NULL,''),(2047,'èŒä½ç®¡ç†ä¿®æ”¹',2044,3,'#','','F','0','1','italent:post:edit','#','admin','2023-03-25 17:37:35','',NULL,''),(2048,'èŒä½ç®¡ç†åˆ é™¤',2044,4,'#','','F','0','1','italent:post:remove','#','admin','2023-03-25 17:37:35','',NULL,''),(2049,'èŒä½ç®¡ç†å¯¼å‡º',2044,5,'#','','F','0','1','italent:post:export','#','admin','2023-03-25 17:37:35','',NULL,''),(2050,'ä¼ä¸šæ¡£æ¡ˆ',2043,1,'/italent/enterprise','menuItem','C','0','1','italent:enterprise:view','fa fa-paper-plane','admin','2023-03-25 18:57:24','admin','2023-03-25 19:29:41','ä¼ä¸šæ¡£æ¡ˆèœå•'),(2051,'ä¼ä¸šæ¡£æ¡ˆæŸ¥è¯¢',2050,1,'#','','F','0','1','italent:enterprise:list','#','admin','2023-03-25 18:57:24','',NULL,''),(2052,'ä¼ä¸šæ¡£æ¡ˆæ–°å¢',2050,2,'#','','F','0','1','italent:enterprise:add','#','admin','2023-03-25 18:57:24','',NULL,''),(2053,'ä¼ä¸šæ¡£æ¡ˆä¿®æ”¹',2050,3,'#','','F','0','1','italent:enterprise:edit','#','admin','2023-03-25 18:57:24','',NULL,''),(2054,'ä¼ä¸šæ¡£æ¡ˆåˆ é™¤',2050,4,'#','','F','0','1','italent:enterprise:remove','#','admin','2023-03-25 18:57:24','',NULL,''),(2055,'ä¼ä¸šæ¡£æ¡ˆå¯¼å‡º',2050,5,'#','','F','0','1','italent:enterprise:export','#','admin','2023-03-25 18:57:25','',NULL,''),(2057,'å®¶åº­èƒŒæ™¯',0,11,'/italent/family','menuItem','C','1','1','italent:family:view','#','admin','2023-03-26 17:23:54','admin','2023-03-26 17:26:22','å®¶åº­èƒŒæ™¯èœå•'),(2058,'å®¶åº­èƒŒæ™¯æŸ¥è¯¢',2057,1,'#','','F','0','1','italent:family:list','#','admin','2023-03-26 17:23:54','',NULL,''),(2059,'å®¶åº­èƒŒæ™¯æ–°å¢',2057,2,'#','','F','0','1','italent:family:add','#','admin','2023-03-26 17:23:54','',NULL,''),(2060,'å®¶åº­èƒŒæ™¯ä¿®æ”¹',2057,3,'#','','F','0','1','italent:family:edit','#','admin','2023-03-26 17:23:55','',NULL,''),(2061,'å®¶åº­èƒŒæ™¯åˆ é™¤',2057,4,'#','','F','0','1','italent:family:remove','#','admin','2023-03-26 17:23:55','',NULL,''),(2062,'å®¶åº­èƒŒæ™¯å¯¼å‡º',2057,5,'#','','F','0','1','italent:family:export','#','admin','2023-03-26 17:23:55','',NULL,''),(2063,'æ•™è‚²çŠ¶å†µ',0,12,'/italent/edu','menuItem','C','1','1','italent:edu:view','#','admin','2023-03-28 12:09:58','admin','2023-03-28 12:18:58','æ•™è‚²çŠ¶å†µèœå•'),(2064,'æ•™è‚²çŠ¶å†µæŸ¥è¯¢',2063,1,'#','','F','0','1','italent:edu:list','#','admin','2023-03-28 12:09:59','',NULL,''),(2065,'æ•™è‚²çŠ¶å†µæ–°å¢',2063,2,'#','','F','0','1','italent:edu:add','#','admin','2023-03-28 12:09:59','',NULL,''),(2066,'æ•™è‚²çŠ¶å†µä¿®æ”¹',2063,3,'#','','F','0','1','italent:edu:edit','#','admin','2023-03-28 12:09:59','',NULL,''),(2067,'æ•™è‚²çŠ¶å†µåˆ é™¤',2063,4,'#','','F','0','1','italent:edu:remove','#','admin','2023-03-28 12:09:59','',NULL,''),(2068,'æ•™è‚²çŠ¶å†µå¯¼å‡º',2063,5,'#','','F','0','1','italent:edu:export','#','admin','2023-03-28 12:09:59','',NULL,''),(2069,'åŸ¹è®­ç»å†',0,13,'/italent/drill','menuItem','C','1','1','italent:drill:view','#','admin','2023-03-28 12:10:06','admin','2023-03-28 12:19:05','åŸ¹è®­ç»å†èœå•'),(2070,'åŸ¹è®­ç»å†æŸ¥è¯¢',2069,1,'#','','F','0','1','italent:drill:list','#','admin','2023-03-28 12:10:06','',NULL,''),(2071,'åŸ¹è®­ç»å†æ–°å¢',2069,2,'#','','F','0','1','italent:drill:add','#','admin','2023-03-28 12:10:07','',NULL,''),(2072,'åŸ¹è®­ç»å†ä¿®æ”¹',2069,3,'#','','F','0','1','italent:drill:edit','#','admin','2023-03-28 12:10:07','',NULL,''),(2073,'åŸ¹è®­ç»å†åˆ é™¤',2069,4,'#','','F','0','1','italent:drill:remove','#','admin','2023-03-28 12:10:07','',NULL,''),(2074,'åŸ¹è®­ç»å†å¯¼å‡º',2069,5,'#','','F','0','1','italent:drill:export','#','admin','2023-03-28 12:10:07','',NULL,''),(2075,'å·¥ä½œèƒŒæ™¯',0,14,'/italent/work','menuItem','C','1','1','italent:work:view','#','admin','2023-03-28 12:10:14','admin','2023-03-28 12:19:11','å·¥ä½œèƒŒæ™¯èœå•'),(2076,'å·¥ä½œèƒŒæ™¯æŸ¥è¯¢',2075,1,'#','','F','0','1','italent:work:list','#','admin','2023-03-28 12:10:14','',NULL,''),(2077,'å·¥ä½œèƒŒæ™¯æ–°å¢',2075,2,'#','','F','0','1','italent:work:add','#','admin','2023-03-28 12:10:14','',NULL,''),(2078,'å·¥ä½œèƒŒæ™¯ä¿®æ”¹',2075,3,'#','','F','0','1','italent:work:edit','#','admin','2023-03-28 12:10:14','',NULL,''),(2079,'å·¥ä½œèƒŒæ™¯åˆ é™¤',2075,4,'#','','F','0','1','italent:work:remove','#','admin','2023-03-28 12:10:14','',NULL,''),(2080,'å·¥ä½œèƒŒæ™¯å¯¼å‡º',2075,5,'#','','F','0','1','italent:work:export','#','admin','2023-03-28 12:10:14','',NULL,''),(2081,'åº”è˜å•¦',2087,2,'/italent/register','menuItem','C','0','1','italent:register:view','fa fa-registered','admin','2023-03-28 16:37:05','admin','2023-03-28 16:40:06','åº”è˜ç™»è®°èœå•'),(2082,'åº”è˜ç™»è®°æŸ¥è¯¢',2081,1,'#','','F','0','1','italent:register:list','#','admin','2023-03-28 16:37:06','',NULL,''),(2083,'åº”è˜ç™»è®°æ–°å¢',2081,2,'#','','F','0','1','italent:register:add','#','admin','2023-03-28 16:37:06','',NULL,''),(2084,'åº”è˜ç™»è®°ä¿®æ”¹',2081,3,'#','','F','0','1','italent:register:edit','#','admin','2023-03-28 16:37:06','',NULL,''),(2085,'åº”è˜ç™»è®°åˆ é™¤',2081,4,'#','','F','0','1','italent:register:remove','#','admin','2023-03-28 16:37:07','',NULL,''),(2086,'åº”è˜ç™»è®°å¯¼å‡º',2081,5,'#','','F','0','1','italent:register:export','#','admin','2023-03-28 16:37:07','',NULL,''),(2087,'åº”è˜ç™»è®°',0,2,'#','menuItem','M','0','1',NULL,'fa fa-address-card','admin','2023-06-02 09:47:38','',NULL,'');
/*!40000 ALTER TABLE `sys_menu` ENABLE KEYS */;
UNLOCK TABLES;

--
-- Table structure for table `sys_notice`
--

DROP TABLE IF EXISTS `sys_notice`;
/*!40101 SET @saved_cs_client     = @@character_set_client */;
/*!50503 SET character_set_client = utf8mb4 */;
CREATE TABLE `sys_notice` (
  `notice_id` int NOT NULL AUTO_INCREMENT COMMENT 'å…¬å‘ŠID',
  `notice_title` varchar(50) NOT NULL COMMENT 'å…¬å‘Šæ ‡é¢˜',
  `notice_type` char(1) NOT NULL COMMENT 'å…¬å‘Šç±»å‹ï¼ˆ1é€šçŸ¥ 2å…¬å‘Šï¼‰',
  `notice_content` varchar(2000) DEFAULT NULL COMMENT 'å…¬å‘Šå†…å®¹',
  `status` char(1) DEFAULT '0' COMMENT 'å…¬å‘ŠçŠ¶æ€ï¼ˆ0æ­£å¸¸ 1å…³é—­ï¼‰',
  `create_by` varchar(64) DEFAULT '' COMMENT 'åˆ›å»ºè€…',
  `create_time` datetime DEFAULT NULL COMMENT 'åˆ›å»ºæ—¶é—´',
  `update_by` varchar(64) DEFAULT '' COMMENT 'æ›´æ–°è€…',
  `update_time` datetime DEFAULT NULL COMMENT 'æ›´æ–°æ—¶é—´',
  `remark` varchar(255) DEFAULT NULL COMMENT 'å¤‡æ³¨',
  PRIMARY KEY (`notice_id`)
) ENGINE=InnoDB AUTO_INCREMENT=11 DEFAULT CHARSET=utf8mb3 COMMENT='é€šçŸ¥å…¬å‘Šè¡¨';
/*!40101 SET character_set_client = @saved_cs_client */;

--
-- Dumping data for table `sys_notice`
--

LOCK TABLES `sys_notice` WRITE;
/*!40000 ALTER TABLE `sys_notice` DISABLE KEYS */;
/*!40000 ALTER TABLE `sys_notice` ENABLE KEYS */;
UNLOCK TABLES;

--
-- Table structure for table `sys_oper_log`
--

DROP TABLE IF EXISTS `sys_oper_log`;
/*!40101 SET @saved_cs_client     = @@character_set_client */;
/*!50503 SET character_set_client = utf8mb4 */;
CREATE TABLE `sys_oper_log` (
  `oper_id` bigint NOT NULL AUTO_INCREMENT COMMENT 'æ—¥å¿—ä¸»é”®',
  `title` varchar(50) DEFAULT '' COMMENT 'æ¨¡å—æ ‡é¢˜',
  `business_type` int DEFAULT '0' COMMENT 'ä¸šåŠ¡ç±»å‹ï¼ˆ0å…¶å®ƒ 1æ–°å¢ 2ä¿®æ”¹ 3åˆ é™¤ï¼‰',
  `method` varchar(100) DEFAULT '' COMMENT 'æ–¹æ³•åç§°',
  `request_method` varchar(10) DEFAULT '' COMMENT 'è¯·æ±‚æ–¹å¼',
  `operator_type` int DEFAULT '0' COMMENT 'æ“ä½œç±»åˆ«ï¼ˆ0å…¶å®ƒ 1åå°ç”¨æˆ· 2æ‰‹æœºç«¯ç”¨æˆ·ï¼‰',
  `oper_name` varchar(50) DEFAULT '' COMMENT 'æ“ä½œäººå‘˜',
  `dept_name` varchar(50) DEFAULT '' COMMENT 'éƒ¨é—¨åç§°',
  `oper_url` varchar(255) DEFAULT '' COMMENT 'è¯·æ±‚URL',
  `oper_ip` varchar(128) DEFAULT '' COMMENT 'ä¸»æœºåœ°å€',
  `oper_location` varchar(255) DEFAULT '' COMMENT 'æ“ä½œåœ°ç‚¹',
  `oper_param` varchar(2000) DEFAULT '' COMMENT 'è¯·æ±‚å‚æ•°',
  `json_result` varchar(2000) DEFAULT '' COMMENT 'è¿”å›å‚æ•°',
  `status` int DEFAULT '0' COMMENT 'æ“ä½œçŠ¶æ€ï¼ˆ0æ­£å¸¸ 1å¼‚å¸¸ï¼‰',
  `error_msg` varchar(2000) DEFAULT '' COMMENT 'é”™è¯¯æ¶ˆæ¯',
  `oper_time` datetime DEFAULT NULL COMMENT 'æ“ä½œæ—¶é—´',
  PRIMARY KEY (`oper_id`)
) ENGINE=InnoDB DEFAULT CHARSET=utf8mb3 COMMENT='æ“ä½œæ—¥å¿—è®°å½•';
/*!40101 SET character_set_client = @saved_cs_client */;

--
-- Dumping data for table `sys_oper_log`
--

LOCK TABLES `sys_oper_log` WRITE;
/*!40000 ALTER TABLE `sys_oper_log` DISABLE KEYS */;
/*!40000 ALTER TABLE `sys_oper_log` ENABLE KEYS */;
UNLOCK TABLES;

--
-- Table structure for table `sys_post`
--

DROP TABLE IF EXISTS `sys_post`;
/*!40101 SET @saved_cs_client     = @@character_set_client */;
/*!50503 SET character_set_client = utf8mb4 */;
CREATE TABLE `sys_post` (
  `post_id` bigint NOT NULL AUTO_INCREMENT COMMENT 'å²—ä½ID',
  `post_code` varchar(64) NOT NULL COMMENT 'å²—ä½ç¼–ç ',
  `post_name` varchar(50) NOT NULL COMMENT 'å²—ä½åç§°',
  `post_sort` int NOT NULL COMMENT 'æ˜¾ç¤ºé¡ºåº',
  `status` char(1) NOT NULL COMMENT 'çŠ¶æ€ï¼ˆ0æ­£å¸¸ 1åœç”¨ï¼‰',
  `create_by` varchar(64) DEFAULT '' COMMENT 'åˆ›å»ºè€…',
  `create_time` datetime DEFAULT NULL COMMENT 'åˆ›å»ºæ—¶é—´',
  `update_by` varchar(64) DEFAULT '' COMMENT 'æ›´æ–°è€…',
  `update_time` datetime DEFAULT NULL COMMENT 'æ›´æ–°æ—¶é—´',
  `remark` varchar(500) DEFAULT NULL COMMENT 'å¤‡æ³¨',
  PRIMARY KEY (`post_id`)
) ENGINE=InnoDB AUTO_INCREMENT=5 DEFAULT CHARSET=utf8mb3 COMMENT='å²—ä½ä¿¡æ¯è¡¨';
/*!40101 SET character_set_client = @saved_cs_client */;

--
-- Dumping data for table `sys_post`
--

LOCK TABLES `sys_post` WRITE;
/*!40000 ALTER TABLE `sys_post` DISABLE KEYS */;
INSERT INTO `sys_post` (`post_id`, `post_code`, `post_name`, `post_sort`, `status`, `create_by`, `create_time`, `update_by`, `update_time`, `remark`) VALUES (1,'ceo','è‘£äº‹é•¿',1,'0','admin','2022-04-03 16:13:36','',NULL,''),(2,'se','é¡¹ç›®ç»ç†',2,'0','admin','2022-04-03 16:13:36','admin','2022-04-14 20:33:30','æ— '),(3,'hr','äººåŠ›èµ„æº',3,'0','admin','2022-04-03 16:13:36','',NULL,''),(4,'user','æ™®é€šå‘˜å·¥',4,'0','admin','2022-04-03 16:13:36','',NULL,'');
/*!40000 ALTER TABLE `sys_post` ENABLE KEYS */;
UNLOCK TABLES;

--
-- Table structure for table `sys_role`
--

DROP TABLE IF EXISTS `sys_role`;
/*!40101 SET @saved_cs_client     = @@character_set_client */;
/*!50503 SET character_set_client = utf8mb4 */;
CREATE TABLE `sys_role` (
  `role_id` bigint NOT NULL AUTO_INCREMENT COMMENT 'è§’è‰²ID',
  `role_name` varchar(30) NOT NULL COMMENT 'è§’è‰²åç§°',
  `role_key` varchar(100) NOT NULL COMMENT 'è§’è‰²æƒé™å­—ç¬¦ä¸²',
  `role_sort` int NOT NULL COMMENT 'æ˜¾ç¤ºé¡ºåº',
  `data_scope` char(1) DEFAULT '1' COMMENT 'æ•°æ®èŒƒå›´ï¼ˆ1ï¼šå…¨éƒ¨æ•°æ®æƒé™ 2ï¼šè‡ªå®šæ•°æ®æƒé™ 3ï¼šæœ¬éƒ¨é—¨æ•°æ®æƒé™ 4ï¼šæœ¬éƒ¨é—¨åŠä»¥ä¸‹æ•°æ®æƒé™ï¼‰',
  `status` char(1) NOT NULL COMMENT 'è§’è‰²çŠ¶æ€ï¼ˆ0æ­£å¸¸ 1åœç”¨ï¼‰',
  `del_flag` char(1) DEFAULT '0' COMMENT 'åˆ é™¤æ ‡å¿—ï¼ˆ0ä»£è¡¨å­˜åœ¨ 2ä»£è¡¨åˆ é™¤ï¼‰',
  `create_by` varchar(64) DEFAULT '' COMMENT 'åˆ›å»ºè€…',
  `create_time` datetime DEFAULT NULL COMMENT 'åˆ›å»ºæ—¶é—´',
  `update_by` varchar(64) DEFAULT '' COMMENT 'æ›´æ–°è€…',
  `update_time` datetime DEFAULT NULL COMMENT 'æ›´æ–°æ—¶é—´',
  `remark` varchar(500) DEFAULT NULL COMMENT 'å¤‡æ³¨',
  PRIMARY KEY (`role_id`)
) ENGINE=InnoDB AUTO_INCREMENT=104 DEFAULT CHARSET=utf8mb3 COMMENT='è§’è‰²ä¿¡æ¯è¡¨';
/*!40101 SET character_set_client = @saved_cs_client */;

--
-- Dumping data for table `sys_role`
--

LOCK TABLES `sys_role` WRITE;
/*!40000 ALTER TABLE `sys_role` DISABLE KEYS */;
INSERT INTO `sys_role` (`role_id`, `role_name`, `role_key`, `role_sort`, `data_scope`, `status`, `del_flag`, `create_by`, `create_time`, `update_by`, `update_time`, `remark`) VALUES (1,'è¶…çº§ç®¡ç†å‘˜','admin',1,'1','0','0','admin','2022-04-03 16:13:36','',NULL,'è¶…çº§ç®¡ç†å‘˜'),(2,'æ™®é€šè§’è‰²','common',2,'2','0','0','admin','2022-04-03 16:13:36','admin','2022-04-18 15:43:24','æ™®é€šè§’è‰²'),(100,'é¢è¯•å®˜','viewer',3,'1','0','0','admin','2022-04-18 15:46:16','admin','2022-06-06 15:10:59','é¢è¯•ç®¡'),(101,'HR','hr',5,'1','0','0','admin','2022-04-19 17:10:26','admin','2023-03-28 16:39:52',''),(102,'äººèµ„éƒ¨é—¨ç»ç†','hr_leader',4,'1','0','0','admin','2022-06-06 16:59:38','admin','2023-06-02 16:15:09',''),(103,'HR_å…¬å…±','hr_public',6,'1','0','0','admin','2022-06-06 18:01:29','admin','2023-06-02 16:23:10','');
/*!40000 ALTER TABLE `sys_role` ENABLE KEYS */;
UNLOCK TABLES;

--
-- Table structure for table `sys_role_dept`
--

DROP TABLE IF EXISTS `sys_role_dept`;
/*!40101 SET @saved_cs_client     = @@character_set_client */;
/*!50503 SET character_set_client = utf8mb4 */;
CREATE TABLE `sys_role_dept` (
  `role_id` bigint NOT NULL COMMENT 'è§’è‰²ID',
  `dept_id` bigint NOT NULL COMMENT 'éƒ¨é—¨ID',
  PRIMARY KEY (`role_id`,`dept_id`)
) ENGINE=InnoDB DEFAULT CHARSET=utf8mb3 COMMENT='è§’è‰²å’Œéƒ¨é—¨å…³è”è¡¨';
/*!40101 SET character_set_client = @saved_cs_client */;

--
-- Dumping data for table `sys_role_dept`
--

LOCK TABLES `sys_role_dept` WRITE;
/*!40000 ALTER TABLE `sys_role_dept` DISABLE KEYS */;
/*!40000 ALTER TABLE `sys_role_dept` ENABLE KEYS */;
UNLOCK TABLES;

--
-- Table structure for table `sys_role_menu`
--

DROP TABLE IF EXISTS `sys_role_menu`;
/*!40101 SET @saved_cs_client     = @@character_set_client */;
/*!50503 SET character_set_client = utf8mb4 */;
CREATE TABLE `sys_role_menu` (
  `role_id` bigint NOT NULL COMMENT 'è§’è‰²ID',
  `menu_id` bigint NOT NULL COMMENT 'èœå•ID',
  PRIMARY KEY (`role_id`,`menu_id`)
) ENGINE=InnoDB DEFAULT CHARSET=utf8mb3 COMMENT='è§’è‰²å’Œèœå•å…³è”è¡¨';
/*!40101 SET character_set_client = @saved_cs_client */;

--
-- Dumping data for table `sys_role_menu`
--

LOCK TABLES `sys_role_menu` WRITE;
/*!40000 ALTER TABLE `sys_role_menu` DISABLE KEYS */;
INSERT INTO `sys_role_menu` (`role_id`, `menu_id`) VALUES (101,2000),(101,2001),(101,2003),(101,2004),(101,2005),(101,2006),(101,2009),(101,2010),(101,2011),(101,2012),(101,2013),(101,2014),(101,2015),(101,2016),(101,2017),(102,1),(102,100),(102,103),(102,105),(102,1000),(102,1001),(102,1002),(102,1006),(102,1016),(102,1017),(102,1018),(102,1019),(102,1025),(102,1026),(102,1027),(102,2000),(102,2001),(102,2003),(102,2004),(102,2005),(102,2006),(102,2007),(102,2009),(102,2010),(102,2011),(102,2012),(102,2013),(102,2014),(102,2015),(102,2016),(102,2018),(102,2019),(102,2020),(102,2021),(102,2022),(102,2023),(102,2024),(102,2025),(102,2026),(102,2027),(102,2028),(102,2029),(102,2030),(102,2031),(102,2032),(102,2033),(102,2034),(102,2035),(102,2036),(102,2037),(102,2038),(102,2039),(102,2040),(102,2041),(102,2042),(102,2043),(102,2044),(102,2045),(102,2046),(102,2047),(102,2048),(102,2049),(102,2050),(102,2051),(102,2052),(102,2053),(102,2054),(102,2055),(102,2057),(102,2058),(102,2059),(102,2060),(102,2061),(102,2062),(102,2063),(102,2064),(102,2065),(102,2066),(102,2067),(102,2068),(102,2069),(102,2070),(102,2071),(102,2072),(102,2073),(102,2074),(102,2075),(102,2076),(102,2077),(102,2078),(102,2079),(102,2080),(102,2081),(102,2082),(102,2083),(102,2084),(102,2085),(102,2086),(102,2087),(103,2000),(103,2001),(103,2003),(103,2004),(103,2005),(103,2006),(103,2009),(103,2010),(103,2011),(103,2012),(103,2013),(103,2014),(103,2015),(103,2016),(103,2017),(103,2018),(103,2019),(103,2020),(103,2021),(103,2022),(103,2023),(103,2024),(103,2025),(103,2026),(103,2027),(103,2028),(103,2029),(103,2030),(103,2031),(103,2032),(103,2033),(103,2034),(103,2035),(103,2036),(103,2037),(103,2038),(103,2039),(103,2040),(103,2041),(103,2042),(103,2057),(103,2058),(103,2059),(103,2060),(103,2061),(103,2062),(103,2063),(103,2064),(103,2065),(103,2066),(103,2067),(103,2068),(103,2069),(103,2070),(103,2071),(103,2072),(103,2073),(103,2074),(103,2075),(103,2076),(103,2077),(103,2078),(103,2079),(103,2080),(103,2081),(103,2082),(103,2083),(103,2084),(103,2085),(103,2086),(103,2087);
/*!40000 ALTER TABLE `sys_role_menu` ENABLE KEYS */;
UNLOCK TABLES;

--
-- Table structure for table `sys_user`
--

DROP TABLE IF EXISTS `sys_user`;
/*!40101 SET @saved_cs_client     = @@character_set_client */;
/*!50503 SET character_set_client = utf8mb4 */;
CREATE TABLE `sys_user` (
  `user_id` bigint NOT NULL AUTO_INCREMENT COMMENT 'ç”¨æˆ·ID',
  `dept_id` bigint DEFAULT NULL COMMENT 'éƒ¨é—¨ID',
  `login_name` varchar(30) NOT NULL COMMENT 'ç™»å½•è´¦å·',
  `user_name` varchar(30) DEFAULT '' COMMENT 'ç”¨æˆ·æ˜µç§°',
  `user_type` varchar(2) DEFAULT '00' COMMENT 'ç”¨æˆ·ç±»å‹ï¼ˆ00ç³»ç»Ÿç”¨æˆ· 01æ³¨å†Œç”¨æˆ·ï¼‰',
  `email` varchar(50) DEFAULT '' COMMENT 'ç”¨æˆ·é‚®ç®±',
  `phonenumber` varchar(11) DEFAULT '' COMMENT 'æ‰‹æœºå·ç ',
  `sex` char(1) DEFAULT '0' COMMENT 'ç”¨æˆ·æ€§åˆ«ï¼ˆ0ç”· 1å¥³ 2æœªçŸ¥ï¼‰',
  `avatar` varchar(100) DEFAULT '' COMMENT 'å¤´åƒè·¯å¾„',
  `password` varchar(50) DEFAULT '' COMMENT 'å¯†ç ',
  `salt` varchar(20) DEFAULT '' COMMENT 'ç›åŠ å¯†',
  `status` char(1) DEFAULT '0' COMMENT 'å¸å·çŠ¶æ€ï¼ˆ0æ­£å¸¸ 1åœç”¨ï¼‰',
  `del_flag` char(1) DEFAULT '0' COMMENT 'åˆ é™¤æ ‡å¿—ï¼ˆ0ä»£è¡¨å­˜åœ¨ 2ä»£è¡¨åˆ é™¤ï¼‰',
  `login_ip` varchar(128) DEFAULT '' COMMENT 'æœ€åç™»å½•IP',
  `login_date` datetime DEFAULT NULL COMMENT 'æœ€åç™»å½•æ—¶é—´',
  `pwd_update_date` datetime DEFAULT NULL COMMENT 'å¯†ç æœ€åæ›´æ–°æ—¶é—´',
  `create_by` varchar(64) DEFAULT '' COMMENT 'åˆ›å»ºè€…',
  `create_time` datetime DEFAULT NULL COMMENT 'åˆ›å»ºæ—¶é—´',
  `update_by` varchar(64) DEFAULT '' COMMENT 'æ›´æ–°è€…',
  `update_time` datetime DEFAULT NULL COMMENT 'æ›´æ–°æ—¶é—´',
  `remark` varchar(500) DEFAULT NULL COMMENT 'å¤‡æ³¨',
  PRIMARY KEY (`user_id`)
) ENGINE=InnoDB AUTO_INCREMENT=116 DEFAULT CHARSET=utf8mb3 COMMENT='ç”¨æˆ·ä¿¡æ¯è¡¨';
/*!40101 SET character_set_client = @saved_cs_client */;

--
-- Dumping data for table `sys_user`
--

LOCK TABLES `sys_user` WRITE;
/*!40000 ALTER TABLE `sys_user` DISABLE KEYS */;
INSERT INTO `sys_user` (`user_id`, `dept_id`, `login_name`, `user_name`, `user_type`, `email`, `phonenumber`, `sex`, `avatar`, `password`, `salt`, `status`, `del_flag`, `login_ip`, `login_date`, `pwd_update_date`, `create_by`, `create_time`, `update_by`, `update_time`, `remark`) VALUES (1,103,'admin','ç®¡ç†å‘˜','00','ry@163.com','15888888888','1','','031bdcc060a97ebb4d610be016fc3584','049d17','0','0','127.0.0.1','2023-06-05 09:51:53','2023-06-05 09:51:39','admin','2022-04-03 16:13:36','','2023-06-05 09:51:53','ç®¡ç†å‘˜');
/*!40000 ALTER TABLE `sys_user` ENABLE KEYS */;
UNLOCK TABLES;

--
-- Table structure for table `sys_user_online`
--

DROP TABLE IF EXISTS `sys_user_online`;
/*!40101 SET @saved_cs_client     = @@character_set_client */;
/*!50503 SET character_set_client = utf8mb4 */;
CREATE TABLE `sys_user_online` (
  `sessionId` varchar(50) NOT NULL DEFAULT '' COMMENT 'ç”¨æˆ·ä¼šè¯id',
  `login_name` varchar(50) DEFAULT '' COMMENT 'ç™»å½•è´¦å·',
  `dept_name` varchar(50) DEFAULT '' COMMENT 'éƒ¨é—¨åç§°',
  `ipaddr` varchar(128) DEFAULT '' COMMENT 'ç™»å½•IPåœ°å€',
  `login_location` varchar(255) DEFAULT '' COMMENT 'ç™»å½•åœ°ç‚¹',
  `browser` varchar(50) DEFAULT '' COMMENT 'æµè§ˆå™¨ç±»å‹',
  `os` varchar(50) DEFAULT '' COMMENT 'æ“ä½œç³»ç»Ÿ',
  `status` varchar(10) DEFAULT '' COMMENT 'åœ¨çº¿çŠ¶æ€on_lineåœ¨çº¿off_lineç¦»çº¿',
  `start_timestamp` datetime DEFAULT NULL COMMENT 'sessionåˆ›å»ºæ—¶é—´',
  `last_access_time` datetime DEFAULT NULL COMMENT 'sessionæœ€åè®¿é—®æ—¶é—´',
  `expire_time` int DEFAULT '0' COMMENT 'è¶…æ—¶æ—¶é—´ï¼Œå•ä½ä¸ºåˆ†é’Ÿ',
  PRIMARY KEY (`sessionId`)
) ENGINE=InnoDB DEFAULT CHARSET=utf8mb3 COMMENT='åœ¨çº¿ç”¨æˆ·è®°å½•';
/*!40101 SET character_set_client = @saved_cs_client */;

--
-- Dumping data for table `sys_user_online`
--

LOCK TABLES `sys_user_online` WRITE;
/*!40000 ALTER TABLE `sys_user_online` DISABLE KEYS */;
INSERT INTO `sys_user_online` (`sessionId`, `login_name`, `dept_name`, `ipaddr`, `login_location`, `browser`, `os`, `status`, `start_timestamp`, `last_access_time`, `expire_time`) VALUES ('6411785a-d218-4bec-9758-887885c7f338','admin','æµ‹è¯„éƒ¨','127.0.0.1','å†…ç½‘IP','Chrome 11','Windows 10','on_line','2023-06-05 09:51:53','2023-06-05 09:59:13',1800000);
/*!40000 ALTER TABLE `sys_user_online` ENABLE KEYS */;
UNLOCK TABLES;

--
-- Table structure for table `sys_user_post`
--

DROP TABLE IF EXISTS `sys_user_post`;
/*!40101 SET @saved_cs_client     = @@character_set_client */;
/*!50503 SET character_set_client = utf8mb4 */;
CREATE TABLE `sys_user_post` (
  `user_id` bigint NOT NULL COMMENT 'ç”¨æˆ·ID',
  `post_id` bigint NOT NULL COMMENT 'å²—ä½ID',
  PRIMARY KEY (`user_id`,`post_id`)
) ENGINE=InnoDB DEFAULT CHARSET=utf8mb3 COMMENT='ç”¨æˆ·ä¸å²—ä½å…³è”è¡¨';
/*!40101 SET character_set_client = @saved_cs_client */;

--
-- Dumping data for table `sys_user_post`
--

LOCK TABLES `sys_user_post` WRITE;
/*!40000 ALTER TABLE `sys_user_post` DISABLE KEYS */;
INSERT INTO `sys_user_post` (`user_id`, `post_id`) VALUES (1,1);
/*!40000 ALTER TABLE `sys_user_post` ENABLE KEYS */;
UNLOCK TABLES;

--
-- Table structure for table `sys_user_role`
--

DROP TABLE IF EXISTS `sys_user_role`;
/*!40101 SET @saved_cs_client     = @@character_set_client */;
/*!50503 SET character_set_client = utf8mb4 */;
CREATE TABLE `sys_user_role` (
  `user_id` bigint NOT NULL COMMENT 'ç”¨æˆ·ID',
  `role_id` bigint NOT NULL COMMENT 'è§’è‰²ID',
  PRIMARY KEY (`user_id`,`role_id`)
) ENGINE=InnoDB DEFAULT CHARSET=utf8mb3 COMMENT='ç”¨æˆ·å’Œè§’è‰²å…³è”è¡¨';
/*!40101 SET character_set_client = @saved_cs_client */;

--
-- Dumping data for table `sys_user_role`
--

LOCK TABLES `sys_user_role` WRITE;
/*!40000 ALTER TABLE `sys_user_role` DISABLE KEYS */;
INSERT INTO `sys_user_role` (`user_id`, `role_id`) VALUES (1,1);
/*!40000 ALTER TABLE `sys_user_role` ENABLE KEYS */;
UNLOCK TABLES;

--
-- Table structure for table `tbitalent_drill_history`
--

DROP TABLE IF EXISTS `tbitalent_drill_history`;
/*!40101 SET @saved_cs_client     = @@character_set_client */;
/*!50503 SET character_set_client = utf8mb4 */;
CREATE TABLE `tbitalent_drill_history` (
  `f_id` int NOT NULL AUTO_INCREMENT COMMENT 'id',
  `f_resume_id` varchar(10) NOT NULL COMMENT 'åº”è˜ç™»è®°æ ‡è¯†',
  `f_start_time` varchar(200) DEFAULT NULL COMMENT 'å¼€å§‹æ—¶é—´',
  `f_end_time` varchar(200) DEFAULT NULL COMMENT 'æ¯•ä¸šæ—¶é—´',
  `f_company` varchar(200) DEFAULT NULL COMMENT 'æœºæ„',
  `f_content` varchar(200) DEFAULT NULL COMMENT 'åŸ¹è®­å†…å®¹',
  `f_certificate` varchar(200) DEFAULT NULL COMMENT 'è¯ä¹¦',
  `f_remark` varchar(200) DEFAULT NULL COMMENT 'å¤‡æ³¨',
  PRIMARY KEY (`f_id`)
) ENGINE=InnoDB DEFAULT CHARSET=utf8mb3 COMMENT='åŸ¹è®­ç»å†';
/*!40101 SET character_set_client = @saved_cs_client */;

--
-- Dumping data for table `tbitalent_drill_history`
--

LOCK TABLES `tbitalent_drill_history` WRITE;
/*!40000 ALTER TABLE `tbitalent_drill_history` DISABLE KEYS */;
/*!40000 ALTER TABLE `tbitalent_drill_history` ENABLE KEYS */;
UNLOCK TABLES;

--
-- Table structure for table `tbitalent_edu_history`
--

DROP TABLE IF EXISTS `tbitalent_edu_history`;
/*!40101 SET @saved_cs_client     = @@character_set_client */;
/*!50503 SET character_set_client = utf8mb4 */;
CREATE TABLE `tbitalent_edu_history` (
  `f_id` int NOT NULL AUTO_INCREMENT COMMENT 'id',
  `f_resume_id` varchar(10) NOT NULL COMMENT 'åº”è˜ç™»è®°æ ‡è¯†',
  `f_start_time` varchar(200) DEFAULT NULL COMMENT 'å¼€å§‹æ—¶é—´',
  `f_end_time` varchar(200) DEFAULT NULL COMMENT 'æ¯•ä¸šæ—¶é—´',
  `f_school` varchar(200) DEFAULT NULL COMMENT 'é™¢æ ¡',
  `f_major` varchar(200) DEFAULT NULL COMMENT 'ä¸“ä¸š',
  `f_edu_degree` varchar(200) DEFAULT NULL COMMENT 'å­¦å†',
  `f_edu_background` varchar(200) DEFAULT NULL COMMENT 'ç±»å‹',
  `f_type` varchar(200) DEFAULT NULL COMMENT 'å…¥å­¦æ–¹å¼',
  PRIMARY KEY (`f_id`)
) ENGINE=InnoDB DEFAULT CHARSET=utf8mb3 COMMENT='æ•™è‚²çŠ¶å†µ';
/*!40101 SET character_set_client = @saved_cs_client */;

--
-- Dumping data for table `tbitalent_edu_history`
--

LOCK TABLES `tbitalent_edu_history` WRITE;
/*!40000 ALTER TABLE `tbitalent_edu_history` DISABLE KEYS */;
/*!40000 ALTER TABLE `tbitalent_edu_history` ENABLE KEYS */;
UNLOCK TABLES;

--
-- Table structure for table `tbitalent_enterprise`
--

DROP TABLE IF EXISTS `tbitalent_enterprise`;
/*!40101 SET @saved_cs_client     = @@character_set_client */;
/*!50503 SET character_set_client = utf8mb4 */;
CREATE TABLE `tbitalent_enterprise` (
  `f_id` int NOT NULL AUTO_INCREMENT COMMENT 'ä¸»é”®',
  `f_name` varchar(200) DEFAULT NULL COMMENT 'å…¬å¸åç§°',
  `f_industry` varchar(200) DEFAULT NULL COMMENT 'è¡Œä¸š',
  `f_describe` varchar(4000) DEFAULT NULL COMMENT 'å…¬å¸æè¿°',
  `f_size` varchar(200) DEFAULT NULL COMMENT 'å…¬å¸è§„æ¨¡',
  `f_address` varchar(200) DEFAULT NULL COMMENT 'è¯¦ç»†ä½ç½®',
  `f_provinces` varchar(20) DEFAULT NULL COMMENT 'çœä»½',
  `f_city` varchar(20) DEFAULT NULL COMMENT 'åŸå¸‚',
  `f_logo` varchar(200) DEFAULT NULL COMMENT 'Logo',
  `f_lng` decimal(10,0) DEFAULT NULL COMMENT 'ç»åº¦',
  `f_lat` decimal(10,0) DEFAULT NULL COMMENT 'çº¬åº¦',
  `f_hr_email` varchar(200) DEFAULT NULL COMMENT 'HRé‚®ç®±',
  `f_remark` varchar(200) DEFAULT NULL COMMENT 'å¤‡æ³¨',
  `f_create_time` datetime DEFAULT NULL COMMENT 'åˆ›å»ºæ—¶é—´',
  `f_create_by` varchar(200) DEFAULT NULL COMMENT 'åˆ›å»ºè€…',
  `f_update_time` datetime DEFAULT NULL COMMENT 'æ›´æ–°æ—¶é—´',
  `f_update_by` varchar(200) DEFAULT NULL COMMENT 'æ›´æ–°è€…',
  PRIMARY KEY (`f_id`)
) ENGINE=InnoDB DEFAULT CHARSET=utf8mb3 COMMENT='ä¼ä¸šæ¡£æ¡ˆ';
/*!40101 SET character_set_client = @saved_cs_client */;

--
-- Dumping data for table `tbitalent_enterprise`
--

LOCK TABLES `tbitalent_enterprise` WRITE;
/*!40000 ALTER TABLE `tbitalent_enterprise` DISABLE KEYS */;
/*!40000 ALTER TABLE `tbitalent_enterprise` ENABLE KEYS */;
UNLOCK TABLES;

--
-- Table structure for table `tbitalent_family_info`
--

DROP TABLE IF EXISTS `tbitalent_family_info`;
/*!40101 SET @saved_cs_client     = @@character_set_client */;
/*!50503 SET character_set_client = utf8mb4 */;
CREATE TABLE `tbitalent_family_info` (
  `f_id` int NOT NULL AUTO_INCREMENT COMMENT 'id',
  `f_resume_id` varchar(10) NOT NULL COMMENT 'åº”è˜ç™»è®°æ ‡è¯†',
  `f_name` varchar(200) DEFAULT NULL COMMENT 'å§“å',
  `f_relation` varchar(200) DEFAULT NULL COMMENT 'å…³ç³»',
  `f_age` varchar(200) DEFAULT NULL COMMENT 'å¹´é¾„',
  `f_company` varchar(200) DEFAULT NULL COMMENT 'å·¥ä½œå•ä½',
  `f_post` varchar(200) DEFAULT NULL COMMENT 'èŒä½',
  `f_tel` varchar(200) DEFAULT NULL COMMENT 'ç”µè¯',
  PRIMARY KEY (`f_id`)
) ENGINE=InnoDB DEFAULT CHARSET=utf8mb3 COMMENT='å®¶åº­èƒŒæ™¯';
/*!40101 SET character_set_client = @saved_cs_client */;

--
-- Dumping data for table `tbitalent_family_info`
--

LOCK TABLES `tbitalent_family_info` WRITE;
/*!40000 ALTER TABLE `tbitalent_family_info` DISABLE KEYS */;
/*!40000 ALTER TABLE `tbitalent_family_info` ENABLE KEYS */;
UNLOCK TABLES;

--
-- Table structure for table `tbitalent_post`
--

DROP TABLE IF EXISTS `tbitalent_post`;
/*!40101 SET @saved_cs_client     = @@character_set_client */;
/*!50503 SET character_set_client = utf8mb4 */;
CREATE TABLE `tbitalent_post` (
  `f_id` int NOT NULL AUTO_INCREMENT COMMENT 'ä¸»é”®',
  `f_jobname` varchar(255) DEFAULT NULL COMMENT 'èŒä½åç§°',
  `f_postname` varchar(255) DEFAULT NULL COMMENT 'å²—ä½åç§°',
  `f_del` varchar(255) DEFAULT NULL COMMENT 'å²—ä½ä¸‹æ¶',
  `f_remark` varchar(4000) DEFAULT NULL COMMENT 'å¤‡æ³¨',
  `f_createtime` datetime DEFAULT NULL COMMENT 'åˆ›å»ºæ—¶é—´',
  `f_createby` varchar(255) DEFAULT NULL COMMENT 'åˆ›å»ºäºº',
  `f_updatetime` datetime DEFAULT NULL COMMENT 'æ›´æ–°æ—¶é—´',
  `f_updateby` varchar(255) DEFAULT NULL COMMENT 'æ›´æ–°äºº',
  PRIMARY KEY (`f_id`)
) ENGINE=InnoDB AUTO_INCREMENT=25 DEFAULT CHARSET=utf8mb3 COMMENT='èŒä½ç®¡ç†è¡¨';
/*!40101 SET character_set_client = @saved_cs_client */;

--
-- Dumping data for table `tbitalent_post`
--

LOCK TABLES `tbitalent_post` WRITE;
/*!40000 ALTER TABLE `tbitalent_post` DISABLE KEYS */;
INSERT INTO `tbitalent_post` (`f_id`, `f_jobname`, `f_postname`, `f_del`, `f_remark`, `f_createtime`, `f_createby`, `f_updatetime`, `f_updateby`) VALUES (2,'JAVAå¼€å‘å·¥ç¨‹å¸ˆ','æŠ€æœ¯å²—','2','','2023-03-25 17:49:35','ç®¡ç†å‘˜','2023-03-25 18:50:57','ç®¡ç†å‘˜'),(3,'WEBå¼€å‘å·¥ç¨‹å¸ˆ','æŠ€æœ¯å²—','2',NULL,'2023-03-25 17:49:35','ç®¡ç†å‘˜',NULL,NULL),(4,'Andriodå¼€å‘å·¥ç¨‹å¸ˆ','æŠ€æœ¯å²—','2',NULL,'2023-03-25 17:49:35','ç®¡ç†å‘˜',NULL,NULL),(5,'IOSå¼€å‘å·¥ç¨‹å¸ˆ','æŠ€æœ¯å²—','2',NULL,'2023-03-25 17:49:35','ç®¡ç†å‘˜',NULL,NULL),(6,'PHPå¼€å‘å·¥ç¨‹å¸ˆ','æŠ€æœ¯å²—','2',NULL,'2023-03-25 17:49:35','ç®¡ç†å‘˜',NULL,NULL),(7,'RPAå¼€å‘å·¥ç¨‹å¸ˆ','æŠ€æœ¯å²—','2',NULL,'2023-03-25 17:49:35','ç®¡ç†å‘˜',NULL,NULL),(8,'BIå¼€å‘','æŠ€æœ¯å²—','2',NULL,'2023-03-25 17:49:35','ç®¡ç†å‘˜',NULL,NULL),(9,'äº§å“ç»ç†','æŠ€æœ¯å²—','2',NULL,'2023-03-25 17:49:35','ç®¡ç†å‘˜',NULL,NULL),(10,'å”®å‰å·¥ç¨‹å¸ˆ','æŠ€æœ¯å²—','2',NULL,'2023-03-25 17:49:35','ç®¡ç†å‘˜',NULL,NULL),(11,'å®æ–½å·¥ç¨‹å¸ˆ','æŠ€æœ¯å²—','2',NULL,'2023-03-25 17:49:35','ç®¡ç†å‘˜',NULL,NULL),(12,'éœ€æ±‚åˆ†æå¸ˆ','æŠ€æœ¯å²—','2',NULL,'2023-03-25 17:49:35','ç®¡ç†å‘˜',NULL,NULL),(13,'æ¶æ„å¸ˆ','æŠ€æœ¯å²—','2',NULL,'2023-03-25 17:49:35','ç®¡ç†å‘˜',NULL,NULL),(14,'è½¯ä»¶é”€å”®å®¢æˆ·ç»ç†','è¥é”€å²—','2',NULL,'2023-03-25 17:49:35','ç®¡ç†å‘˜',NULL,NULL),(15,'é™¢æ ¡åˆä½œç»ç†','è¥é”€å²—','2',NULL,'2023-03-25 17:49:35','ç®¡ç†å‘˜',NULL,NULL),(16,'å’¨è¯¢ç»ç†','è¥é”€å²—','2',NULL,'2023-03-25 17:49:35','ç®¡ç†å‘˜',NULL,NULL),(17,'å…¶ä»–','è¥é”€å²—','2',NULL,'2023-03-25 17:49:35','ç®¡ç†å‘˜',NULL,NULL),(18,'é™¢æ ¡åˆä½œéƒ¨ç»ç†/æ€»ç›‘','è¥é”€ç®¡ç†å²—','2',NULL,'2023-03-25 17:49:35','ç®¡ç†å‘˜',NULL,NULL),(19,'å’¨è¯¢éƒ¨ç»ç†/æ€»ç›‘','è¥é”€ç®¡ç†å²—','2',NULL,'2023-03-25 17:49:35','ç®¡ç†å‘˜',NULL,NULL),(20,'è½¯ä»¶é”€å”®éƒ¨ç»ç†/æ€»ç›‘','è¥é”€ç®¡ç†å²—','2',NULL,'2023-03-25 17:49:35','ç®¡ç†å‘˜',NULL,NULL),(21,'å…¶ä»–','è¥é”€ç®¡ç†å²—','2','','2023-03-25 17:49:35','ç®¡ç†å‘˜','2023-03-25 18:47:57','ç®¡ç†å‘˜'),(22,'äº‹ä¸šéƒ¨éƒ¨é•¿','ç»è¥ç®¡ç†å²—','2',NULL,'2023-03-25 17:49:35','ç®¡ç†å‘˜',NULL,NULL),(23,'åˆ†å­å…¬å¸æ€»ç»ç†','ç»è¥ç®¡ç†å²—','2',NULL,'2023-03-25 17:49:35','ç®¡ç†å‘˜',NULL,NULL),(24,'å…¶ä»–','ç»è¥ç®¡ç†å²—','2',NULL,'2023-03-25 17:49:35','ç®¡ç†å‘˜',NULL,NULL);
/*!40000 ALTER TABLE `tbitalent_post` ENABLE KEYS */;
UNLOCK TABLES;

--
-- Table structure for table `tbitalent_register`
--

DROP TABLE IF EXISTS `tbitalent_register`;
/*!40101 SET @saved_cs_client     = @@character_set_client */;
/*!50503 SET character_set_client = utf8mb4 */;
CREATE TABLE `tbitalent_register` (
  `f_id` int NOT NULL AUTO_INCREMENT COMMENT 'ä¸»é”®',
  `f_jobname` varchar(50) DEFAULT NULL COMMENT 'åº”è˜èŒä½',
  `f_hope_salary` varchar(200) DEFAULT NULL COMMENT 'æœŸæœ›è–ªèµ„',
  `f_entry_date` datetime DEFAULT NULL COMMENT 'å…¥èŒæ—¥æœŸ',
  `f_idcard` varchar(20) DEFAULT NULL COMMENT 'èº«ä»½è¯å·',
  `f_name` varchar(225) DEFAULT NULL COMMENT 'å§“å',
  `f_sex` char(1) DEFAULT NULL COMMENT 'æ€§åˆ«',
  `f_birthday` datetime DEFAULT NULL COMMENT 'å‡ºç”Ÿæ—¥æœŸ',
  `f_tel` varchar(11) DEFAULT NULL COMMENT 'ç”µè¯',
  `f_nation` varchar(200) DEFAULT NULL COMMENT 'æ°‘æ—',
  `f_marry` varchar(200) DEFAULT NULL COMMENT 'å©šå§»çŠ¶å†µ',
  `f_hobby` varchar(200) DEFAULT NULL COMMENT 'çˆ±å¥½',
  `f_mail` varchar(200) DEFAULT NULL COMMENT 'é‚®ç®±',
  `f_political_status` varchar(200) DEFAULT NULL COMMENT 'æ”¿æ²»é¢è²Œ',
  `f_residence_address` varchar(200) DEFAULT NULL COMMENT 'æˆ·ç±åœ°å€',
  `f_now_address` varchar(200) DEFAULT NULL COMMENT 'ç°ä½å€',
  `f_source` varchar(50) DEFAULT NULL COMMENT 'ç®€å†æ¥æº',
  `f_hr` varchar(10) DEFAULT NULL COMMENT 'hrä¸“å‘˜',
  `f_remark` varchar(2000) DEFAULT NULL COMMENT 'å¤‡æ³¨',
  `f_createby` varchar(200) DEFAULT NULL COMMENT 'åˆ›å»ºè€…',
  `f_createtime` datetime DEFAULT NULL COMMENT 'åˆ›å»ºæ—¶é—´',
  `f_updateby` varchar(200) DEFAULT NULL COMMENT 'æ›´æ–°è€…',
  `f_updatetime` datetime DEFAULT NULL COMMENT 'æ›´æ–°æ—¶é—´',
  PRIMARY KEY (`f_id`)
) ENGINE=InnoDB DEFAULT CHARSET=utf8mb3 COMMENT='åº”è˜ç™»è®°è¡¨';
/*!40101 SET character_set_client = @saved_cs_client */;

--
-- Dumping data for table `tbitalent_register`
--

LOCK TABLES `tbitalent_register` WRITE;
/*!40000 ALTER TABLE `tbitalent_register` DISABLE KEYS */;
/*!40000 ALTER TABLE `tbitalent_register` ENABLE KEYS */;
UNLOCK TABLES;

--
-- Table structure for table `tbitalent_resume`
--

DROP TABLE IF EXISTS `tbitalent_resume`;
/*!40101 SET @saved_cs_client     = @@character_set_client */;
/*!50503 SET character_set_client = utf8mb4 */;
CREATE TABLE `tbitalent_resume` (
  `f_id` int NOT NULL AUTO_INCREMENT COMMENT 'ä¸»é”®',
  `f_name` varchar(225) DEFAULT NULL COMMENT 'å§“å',
  `f_sex` char(1) DEFAULT NULL COMMENT 'æ€§åˆ«',
  `f_idcard` varchar(20) DEFAULT NULL COMMENT 'èº«ä»½è¯å·',
  `f_birthday` datetime DEFAULT NULL COMMENT 'å‡ºç”Ÿæ—¥æœŸ',
  `f_age` int DEFAULT NULL COMMENT 'å¹´é¾„',
  `f_tel` varchar(11) DEFAULT NULL COMMENT 'ç”µè¯',
  `f_hope_salary` varchar(200) DEFAULT NULL COMMENT 'æœŸæœ›è–ªèµ„',
  `f_entry_date` datetime DEFAULT NULL COMMENT 'å…¥èŒæ—¥æœŸ',
  `f_nation` varchar(200) DEFAULT NULL COMMENT 'æ°‘æ—',
  `f_marry` varchar(200) DEFAULT NULL COMMENT 'å©šå§»çŠ¶å†µ',
  `f_hobby` varchar(200) DEFAULT NULL COMMENT 'çˆ±å¥½',
  `f_mail` varchar(200) DEFAULT NULL COMMENT 'é‚®ç®±',
  `f_political_status` varchar(200) DEFAULT NULL COMMENT 'æ”¿æ²»é¢è²Œ',
  `f_residence_address` varchar(200) DEFAULT NULL COMMENT 'æˆ·ç±åœ°å€',
  `f_now_address` varchar(200) DEFAULT NULL COMMENT 'ç°ä½å€',
  `f_jobname` varchar(50) DEFAULT NULL COMMENT 'åº”è˜èŒä½',
  `f_jobyear` varchar(50) DEFAULT NULL COMMENT 'å·¥ä½œå¹´é™',
  `f_exp` varchar(255) DEFAULT NULL COMMENT 'å·¥ä½œç»éªŒ',
  `f_region` varchar(50) DEFAULT NULL COMMENT 'æœŸæœ›å·¥ä½œåœ°ç‚¹',
  `f_company` varchar(50) DEFAULT NULL COMMENT 'ä¹‹å‰å·¥ä½œçš„å…¬å¸',
  `f_jobexp` varchar(2000) DEFAULT NULL COMMENT 'å·¥ä½œç»å†',
  `f_prjexp` varchar(4000) DEFAULT NULL COMMENT 'é¡¹ç›®ç»å†',
  `f_tech` varchar(2000) DEFAULT NULL COMMENT 'æŠ€æœ¯æ ˆ',
  `f_eduexp` longtext COMMENT 'æ•™è‚²ç»å†',
  `f_educational_background` varchar(200) DEFAULT NULL COMMENT 'å­¦å†ç±»å‹',
  `f_enroll_type` varchar(200) DEFAULT NULL COMMENT 'å½•å–æ–¹å¼',
  `f_flag` varchar(10) DEFAULT NULL COMMENT 'æ ‡ç­¾',
  `f_txt` longtext COMMENT 'ç®€å†å†…å®¹',
  `f_location` varchar(255) DEFAULT NULL COMMENT 'ç®€å†æ–‡ä»¶è·¯å¾„',
  `f_appraise` longtext COMMENT 'é¢è¯•è¯„ä»·',
  `f_salary` decimal(10,2) DEFAULT NULL COMMENT 'åŸºæœ¬å·¥èµ„',
  `f_orthersalary` decimal(10,2) DEFAULT NULL COMMENT 'å…¶ä»–å·¥èµ„',
  `f_performance` decimal(10,2) DEFAULT NULL COMMENT 'ç»©æ•ˆ',
  `f_monthsalary` decimal(10,2) DEFAULT NULL COMMENT 'æœˆåº¦å·¥èµ„',
  `f_degree` varchar(10) DEFAULT NULL COMMENT 'èŒä½çº§åˆ«',
  `f_hr` varchar(10) DEFAULT NULL COMMENT 'hrä¸“å‘˜',
  `f_dep` varchar(50) DEFAULT NULL COMMENT 'å…¥èŒéƒ¨é—¨',
  `f_source` varchar(50) DEFAULT NULL COMMENT 'ç®€å†æ¥æº',
  `f_start` varchar(10) DEFAULT '3' COMMENT 'ç®€å†çŠ¶æ€',
  `f_progress` varchar(255) DEFAULT '1' COMMENT 'è¿›åº¦',
  `f_register` varchar(10) DEFAULT NULL COMMENT 'åº”è˜ç™»è®°æ ‡è¯†',
  `f_remark` varchar(2000) DEFAULT NULL COMMENT 'å¤‡æ³¨',
  `f_createby` varchar(200) DEFAULT NULL COMMENT 'åˆ›å»ºè€…',
  `f_createtime` datetime DEFAULT NULL COMMENT 'åˆ›å»ºæ—¶é—´',
  `f_updateby` varchar(200) DEFAULT NULL COMMENT 'æ›´æ–°è€…',
  `f_updatetime` datetime DEFAULT NULL COMMENT 'æ›´æ–°æ—¶é—´',
  PRIMARY KEY (`f_id`)
) ENGINE=InnoDB DEFAULT CHARSET=utf8mb3 COMMENT='ç®€å†è¡¨';
/*!40101 SET character_set_client = @saved_cs_client */;

--
-- Dumping data for table `tbitalent_resume`
--

LOCK TABLES `tbitalent_resume` WRITE;
/*!40000 ALTER TABLE `tbitalent_resume` DISABLE KEYS */;
/*!40000 ALTER TABLE `tbitalent_resume` ENABLE KEYS */;
UNLOCK TABLES;

--
-- Table structure for table `tbitalent_work_history`
--

DROP TABLE IF EXISTS `tbitalent_work_history`;
/*!40101 SET @saved_cs_client     = @@character_set_client */;
/*!50503 SET character_set_client = utf8mb4 */;
CREATE TABLE `tbitalent_work_history` (
  `f_id` int NOT NULL AUTO_INCREMENT COMMENT 'id',
  `f_resume_id` varchar(10) NOT NULL COMMENT 'åº”è˜ç™»è®°æ ‡è¯†',
  `f_start_time` varchar(200) DEFAULT NULL COMMENT 'å¼€å§‹æ—¶é—´',
  `f_end_time` varchar(200) DEFAULT NULL COMMENT 'æ¯•ä¸šæ—¶é—´',
  `f_company` varchar(200) DEFAULT NULL COMMENT 'å·¥ä½œå•ä½',
  `f_post` varchar(200) DEFAULT NULL COMMENT 'èŒä½',
  `f_salary` varchar(200) DEFAULT NULL COMMENT 'è–ªèµ„',
  `f_leave` varchar(200) DEFAULT NULL COMMENT 'ç¦»èŒåŸå› ',
  `f_tel` varchar(200) DEFAULT NULL COMMENT 'å•ä½ç”µè¯',
  `f_witness` varchar(200) DEFAULT NULL COMMENT 'è¯æ˜äºº',
  PRIMARY KEY (`f_id`)
) ENGINE=InnoDB DEFAULT CHARSET=utf8mb3 COMMENT='å·¥ä½œèƒŒæ™¯';
/*!40101 SET character_set_client = @saved_cs_client */;

--
-- Dumping data for table `tbitalent_work_history`
--

LOCK TABLES `tbitalent_work_history` WRITE;
/*!40000 ALTER TABLE `tbitalent_work_history` DISABLE KEYS */;
/*!40000 ALTER TABLE `tbitalent_work_history` ENABLE KEYS */;
UNLOCK TABLES;

--
-- Table structure for table `tbque_naire`
--

DROP TABLE IF EXISTS `tbque_naire`;
/*!40101 SET @saved_cs_client     = @@character_set_client */;
/*!50503 SET character_set_client = utf8mb4 */;
CREATE TABLE `tbque_naire` (
  `id` int NOT NULL AUTO_INCREMENT COMMENT 'ID',
  `title` varchar(255) DEFAULT NULL COMMENT 'é—®å·æ ‡é¢˜',
  `start_time` datetime DEFAULT NULL COMMENT 'å¼€å§‹æ—¶é—´',
  `end_time` datetime DEFAULT NULL COMMENT 'ç»“æŸæ—¶é—´',
  `do_count` int DEFAULT NULL COMMENT 'å›ç­”æ¬¡æ•°',
  `link` varchar(255) DEFAULT NULL COMMENT 'é“¾æ¥',
  `anonymous` varchar(10) DEFAULT NULL COMMENT 'åŒ¿åçŠ¶æ€',
  `status` varchar(10) DEFAULT NULL COMMENT 'å‘å¸ƒçŠ¶æ€',
  `template` varchar(10) DEFAULT NULL COMMENT 'æ¨¡æ¿æ ‡è¯†',
  `del_flg` varchar(10) DEFAULT NULL COMMENT 'åˆ é™¤æ ‡è¯†',
  `create_user` varchar(255) DEFAULT NULL COMMENT 'åˆ›å»ºè€…',
  `create_time` datetime DEFAULT NULL COMMENT 'åˆ›å»ºæ—¶é—´',
  `update_time` datetime DEFAULT NULL COMMENT 'æ›´æ–°æ—¶é—´',
  `remark` varchar(255) DEFAULT NULL COMMENT 'å¤‡æ³¨',
  PRIMARY KEY (`id`)
) ENGINE=InnoDB DEFAULT CHARSET=utf8mb3 COMMENT='é—®å·è¡¨';
/*!40101 SET character_set_client = @saved_cs_client */;

--
-- Dumping data for table `tbque_naire`
--

LOCK TABLES `tbque_naire` WRITE;
/*!40000 ALTER TABLE `tbque_naire` DISABLE KEYS */;
/*!40000 ALTER TABLE `tbque_naire` ENABLE KEYS */;
UNLOCK TABLES;

--
-- Table structure for table `tbque_naire_details`
--

DROP TABLE IF EXISTS `tbque_naire_details`;
/*!40101 SET @saved_cs_client     = @@character_set_client */;
/*!50503 SET character_set_client = utf8mb4 */;
CREATE TABLE `tbque_naire_details` (
  `id` int NOT NULL AUTO_INCREMENT COMMENT 'ID',
  `que_naire` varchar(255) DEFAULT NULL COMMENT 'é—®å·æ ‡è¯†',
  `que_type` varchar(10) DEFAULT NULL COMMENT 'é¢˜å‹',
  `content` longtext COMMENT 'å†…å®¹',
  `required` varchar(10) DEFAULT NULL COMMENT 'å¿…å¡«',
  `create_user` varchar(255) DEFAULT NULL COMMENT 'åˆ›å»ºäºº',
  `create_time` datetime DEFAULT NULL COMMENT 'åˆ›å»ºæ—¶é—´',
  `update_time` datetime DEFAULT NULL COMMENT 'æ›´æ–°æ—¶é—´',
  `remark` varchar(255) DEFAULT NULL COMMENT 'å¤‡æ³¨',
  PRIMARY KEY (`id`)
) ENGINE=InnoDB DEFAULT CHARSET=utf8mb3 COMMENT='é—®å·è¯¦æƒ…è¡¨';
/*!40101 SET character_set_client = @saved_cs_client */;

--
-- Dumping data for table `tbque_naire_details`
--

LOCK TABLES `tbque_naire_details` WRITE;
/*!40000 ALTER TABLE `tbque_naire_details` DISABLE KEYS */;
/*!40000 ALTER TABLE `tbque_naire_details` ENABLE KEYS */;
UNLOCK TABLES;

--
-- Table structure for table `tbque_naire_recode`
--

DROP TABLE IF EXISTS `tbque_naire_recode`;
/*!40101 SET @saved_cs_client     = @@character_set_client */;
/*!50503 SET character_set_client = utf8mb4 */;
CREATE TABLE `tbque_naire_recode` (
  `id` varchar(255) NOT NULL COMMENT 'ID',
  `que_naire` varchar(255) DEFAULT NULL COMMENT 'é—®å·æ ‡è¯†',
  `create_user` varchar(255) DEFAULT NULL COMMENT 'åˆ›å»ºäºº',
  `create_time` datetime DEFAULT NULL COMMENT 'åˆ›å»ºæ—¶é—´',
  `update_time` datetime DEFAULT NULL COMMENT 'æ›´æ–°æ—¶é—´',
  `remark` varchar(255) DEFAULT NULL COMMENT 'å¤‡æ³¨',
  PRIMARY KEY (`id`)
) ENGINE=InnoDB DEFAULT CHARSET=utf8mb3 COMMENT='é—®å·è®°å½•è¡¨';
/*!40101 SET character_set_client = @saved_cs_client */;

--
-- Dumping data for table `tbque_naire_recode`
--

LOCK TABLES `tbque_naire_recode` WRITE;
/*!40000 ALTER TABLE `tbque_naire_recode` DISABLE KEYS */;
/*!40000 ALTER TABLE `tbque_naire_recode` ENABLE KEYS */;
UNLOCK TABLES;

--
-- Table structure for table `tbque_naire_result`
--

DROP TABLE IF EXISTS `tbque_naire_result`;
/*!40101 SET @saved_cs_client     = @@character_set_client */;
/*!50503 SET character_set_client = utf8mb4 */;
CREATE TABLE `tbque_naire_result` (
  `id` int NOT NULL AUTO_INCREMENT COMMENT 'æ•°æ®ID',
  `que_naire` varchar(255) DEFAULT NULL COMMENT 'è®°å½•æ ‡è¯†',
  `que_content` longtext COMMENT 'é¢˜ç›®å†…å®¹',
  `answer` varchar(255) DEFAULT NULL COMMENT 'å›ç­”å†…å®¹',
  `create_user` varchar(255) DEFAULT NULL COMMENT 'åˆ›å»ºäºº',
  `create_time` datetime DEFAULT NULL COMMENT 'åˆ›å»ºæ—¶é—´',
  `update_time` datetime DEFAULT NULL COMMENT 'æ›´æ–°æ—¶é—´',
  `remark` varchar(255) DEFAULT NULL COMMENT 'å¤‡æ³¨',
  PRIMARY KEY (`id`)
) ENGINE=InnoDB DEFAULT CHARSET=utf8mb3 COMMENT='é—®å·ç»“æœè¡¨';
/*!40101 SET character_set_client = @saved_cs_client */;

--
-- Dumping data for table `tbque_naire_result`
--

LOCK TABLES `tbque_naire_result` WRITE;
/*!40000 ALTER TABLE `tbque_naire_result` DISABLE KEYS */;
/*!40000 ALTER TABLE `tbque_naire_result` ENABLE KEYS */;
UNLOCK TABLES;
/*!40103 SET TIME_ZONE=@OLD_TIME_ZONE */;

/*!40101 SET SQL_MODE=@OLD_SQL_MODE */;
/*!40014 SET FOREIGN_KEY_CHECKS=@OLD_FOREIGN_KEY_CHECKS */;
/*!40014 SET UNIQUE_CHECKS=@OLD_UNIQUE_CHECKS */;
/*!40101 SET CHARACTER_SET_CLIENT=@OLD_CHARACTER_SET_CLIENT */;
/*!40101 SET CHARACTER_SET_RESULTS=@OLD_CHARACTER_SET_RESULTS */;
/*!40101 SET COLLATION_CONNECTION=@OLD_COLLATION_CONNECTION */;
/*!40111 SET SQL_NOTES=@OLD_SQL_NOTES */;

-- Dump completed on 2023-06-05 10:02:25
